{"Date":"2009-11-30T00:00:00","BackwardsRatioScale":[0.876974382257532427273677705,0.8827714534033486084582689436,0.8998930944644224555620967925],"BackwardsPanamaCanalScale":[-244.00,-241.00,-216.75],"ForwardPanamaCanalScale":[0.0,0.0,0.0],"DataMappingMode":1}
{"Date":"2009-12-15T00:00:00","BackwardsRatioScale":[0.8746703013148534067748658453,0.8970458191223190061735429137,0.9097479346472356438042624746],"BackwardsPanamaCanalScale":[-249.75,-178.25,-119.00],"ForwardPanamaCanalScale":[0.0,0.0,0.0],"DataMappingMode":2}
{"Date":"2009-12-15T00:00:00","BackwardsRatioScale":[0.8752735860009047463915293185,0.8943283243254282082388820729,0.9024648071644160498449845166],"BackwardsPanamaCanalScale":[-248.25,-183.25,-133.00],"ForwardPanamaCanalScale":[0.0,0.0,0.0],"DataMappingMode":3}
{"Date":"2009-12-17T13:30:00","BackwardsRatioScale":[0.8718578002683627636790504919,0.8709815856497795905919392684,0.9009022483194449910776823535],"BackwardsPanamaCanalScale":[-258.00,-242.75,-89.50],"ForwardPanamaCanalScale":[0.0,0.0,0.0],"DataMappingMode":0}
{"Date":"2010-02-28T00:00:00","BackwardsRatioScale":[0.8803984898593647771275253212,0.8845999788534360969452941267,0.8998930944644224555620967925],"BackwardsPanamaCanalScale":[-239.75,-238.75,-216.75],"ForwardPanamaCanalScale":[5.0,5.5,0.0],"DataMappingMode":1}
{"Date":"2010-03-16T00:00:00","BackwardsRatioScale":[0.8784327499734411846170035974,0.901946593003251320343396096,0.9097479346472356438042624746],"BackwardsPanamaCanalScale":[-245.00,-172.25,-119.00],"ForwardPanamaCanalScale":[4.50,4.50,8.25],"DataMappingMode":2}
{"Date":"2010-03-16T00:00:00","BackwardsRatioScale":[0.8790386297260614568695549144,0.8992142518883260632349515402,0.9024648071644160498449845166],"BackwardsPanamaCanalScale":[-243.50,-177.25,-133.00],"ForwardPanamaCanalScale":[4.50,4.50,8.25],"DataMappingMode":3}
{"Date":"2010-03-18T00:00:00","BackwardsRatioScale":[0.8756294984024927483124525773,0.8749659478897145383988557335,0.9042113474868258725876095614],"BackwardsPanamaCanalScale":[-253.25,-237.75,-85.50],"ForwardPanamaCanalScale":[4.75,3.75,6.75],"DataMappingMode":0}
{"Date":"2010-05-31T00:00:00","BackwardsRatioScale":[0.8843858018605394364442260699,0.8890290183470127000706460773,0.8998930944644224555620967925],"BackwardsPanamaCanalScale":[-234.75,-233.25,-216.75],"ForwardPanamaCanalScale":[8.75,7.5,0.0],"DataMappingMode":1}
{"Date":"2010-06-15T00:00:00","BackwardsRatioScale":[0.8818559561868038045180873958,0.9054751821521447182495428315,0.9163201066794945703028484338],"BackwardsPanamaCanalScale":[-240.50,-167.75,-110.75],"ForwardPanamaCanalScale":[8.75,8.25,25.75],"DataMappingMode":2}
{"Date":"2010-06-15T00:00:00","BackwardsRatioScale":[0.8824641970209454374332379602,0.9027321515914318813480202486,0.9089843646592553076481553767],"BackwardsPanamaCanalScale":[-239.00,-172.75,-124.75],"ForwardPanamaCanalScale":[8.75,8.25,25.75],"DataMappingMode":3}
{"Date":"2010-06-17T00:00:00","BackwardsRatioScale":[0.8792135053972465962697848907,0.877802448693333669169545778,0.9095186749612050679267107479],"BackwardsPanamaCanalScale":[-248.50,-234.00,-78.75],"ForwardPanamaCanalScale":[9.50,7.25,16.75],"DataMappingMode":0}
{"Date":"2010-08-31T00:00:00","BackwardsRatioScale":[0.8874340066004080236562351211,0.8906662725244473459271297717,0.8998930944644224555620967925],"BackwardsPanamaCanalScale":[-231.00,-231.25,-216.75],"ForwardPanamaCanalScale":[14.25,14.75,0.0],"DataMappingMode":1}
{"Date":"2010-09-14T00:00:00","BackwardsRatioScale":[0.8852408176126732253076126804,0.9085522387294628357787098325,0.9310858542549007903583731553],"BackwardsPanamaCanalScale":[-236.25,-164.00,-93.25],"ForwardPanamaCanalScale":[14.25,12.75,26.50],"DataMappingMode":2}
{"Date":"2010-09-14T00:00:00","BackwardsRatioScale":[0.8858513930808587525012815469,0.9057998865877779344110515816,0.9236319027638013185909203114],"BackwardsPanamaCanalScale":[-234.75,-169.00,-107.25],"ForwardPanamaCanalScale":[14.25,12.75,26.50],"DataMappingMode":3}
{"Date":"2010-09-16T00:00:00","BackwardsRatioScale":[0.8829733650872190665216700838,0.880577168558248248390221696,0.9178077492374520952033269315],"BackwardsPanamaCanalScale":[-243.75,-230.50,-68.75],"ForwardPanamaCanalScale":[14.75,12.25,29.75],"DataMappingMode":0}
{"Date":"2010-11-30T00:00:00","BackwardsRatioScale":[0.8920980171463251226816620615,0.8968797249909397618597462652,0.8998930944644224555620967925],"BackwardsPanamaCanalScale":[-225.50,-224.00,-216.75],"ForwardPanamaCanalScale":[19.75,10.50,0.0],"DataMappingMode":1}
{"Date":"2010-12-15T00:00:00","BackwardsRatioScale":[0.8896153230006963185144337673,0.9122405428109085577101524976,0.9317162441359129100539441594],"BackwardsPanamaCanalScale":[-230.75,-159.50,-92.50],"ForwardPanamaCanalScale":[19.00,17.25,26.50],"DataMappingMode":2}
{"Date":"2010-12-15T00:00:00","BackwardsRatioScale":[0.890228915688176563048233073,0.9094770173858338664857919804,0.9242572459613394372900340015],"BackwardsPanamaCanalScale":[-229.25,-164.50,-106.50],"ForwardPanamaCanalScale":[19.00,17.25,26.50],"DataMappingMode":3}
{"Date":"2010-12-16T00:00:00","BackwardsRatioScale":[0.8870957396240869189887565827,0.8845100723928094285974133963,0.9285908497707434438139399004],"BackwardsPanamaCanalScale":[-238.50,-225.50,-55.75],"ForwardPanamaCanalScale":[19.75,17.00,29.75],"DataMappingMode":0}
{"Date":"2011-02-28T00:00:00","BackwardsRatioScale":[0.8962862707479510622247684562,0.8936377612816380446682481392,0.8998930944644224555620967925],"BackwardsPanamaCanalScale":[-220.00,-228.25,-216.75],"ForwardPanamaCanalScale":[24.75,18.50,20.5],"DataMappingMode":1}
{"Date":"2011-03-16T00:00:00","BackwardsRatioScale":[0.8930487357849768852525556933,0.9155882145276458368210154425,0.9317162441359129100539441594],"BackwardsPanamaCanalScale":[-226.00,-155.00,-92.50],"ForwardPanamaCanalScale":[24.00,22.75,39.75],"DataMappingMode":2}
{"Date":"2011-03-16T00:00:00","BackwardsRatioScale":[0.8936646965937372688572756138,0.9128145477248644494820701161,0.9242572459613394372900340015],"BackwardsPanamaCanalScale":[-224.50,-160.00,-106.50],"ForwardPanamaCanalScale":[24.00,22.75,39.75],"DataMappingMode":3}
{"Date":"2011-03-17T00:00:00","BackwardsRatioScale":[0.8906777938927083077187737706,0.8879161711717845763767710888,0.9285908497707434438139399004],"BackwardsPanamaCanalScale":[-233.50,-220.75,-55.75],"ForwardPanamaCanalScale":[24.75,27.75,23.75],"DataMappingMode":0}
{"Date":"2011-05-31T00:00:00","BackwardsRatioScale":[0.8996735960342244978340835298,0.8990743408179521924685112457,0.9141440086679919112121724853],"BackwardsPanamaCanalScale":[-215.00,-220.25,-196.25],"ForwardPanamaCanalScale":[30.00,26.25,20.5],"DataMappingMode":1}
{"Date":"2011-06-15T00:00:00","BackwardsRatioScale":[0.8966159366469100863120825785,0.9196289248023917161409878276,0.9417286044236670431100794068],"BackwardsPanamaCanalScale":[-221.00,-149.50,-79.25],"ForwardPanamaCanalScale":[29.75,27.75,33.50],"DataMappingMode":2}
{"Date":"2011-06-15T00:00:00","BackwardsRatioScale":[0.8972343578543473637997852029,0.916843017143108585467748259,0.9341894507537058181043835153],"BackwardsPanamaCanalScale":[-219.50,-154.50,-93.25],"ForwardPanamaCanalScale":[29.75,27.75,33.50],"DataMappingMode":3}
{"Date":"2011-06-16T00:00:00","BackwardsRatioScale":[0.8941920089011624734623870031,0.8955127480441257496326805908,0.9241777447421300096255172157],"BackwardsPanamaCanalScale":[-228.50,-210.00,-61.75],"ForwardPanamaCanalScale":[30.00,33.75,38.75],"DataMappingMode":0}
{"Date":"2011-08-31T00:00:00","BackwardsRatioScale":[0.9031971218672567086611099666,0.9043024977426110778495886887,0.9141440086679919112121724853],"BackwardsPanamaCanalScale":[-209.75,-212.50,-196.25],"ForwardPanamaCanalScale":[34.50,31.75,32.0],"DataMappingMode":1}
{"Date":"2011-09-14T00:00:00","BackwardsRatioScale":[0.9007052022711176873402756976,0.9232905968103646077043602657,0.9370647345523136999884962085],"BackwardsPanamaCanalScale":[-215.25,-144.50,-85.50],"ForwardPanamaCanalScale":[36.00,33.75,60.00],"DataMappingMode":2}
{"Date":"2011-09-14T00:00:00","BackwardsRatioScale":[0.9013264439599690154689097438,0.920493596546425760803076741,0.9295629182123344541082247222],"BackwardsPanamaCanalScale":[-213.75,-149.50,-99.50],"ForwardPanamaCanalScale":[36.00,33.75,60.00],"DataMappingMode":3}
{"Date":"2011-09-15T00:00:00","BackwardsRatioScale":[0.8978957627841850399205152333,0.8997720238968921027819442321,0.9352990172420353045668591798],"BackwardsPanamaCanalScale":[-223.25,-204.00,-46.75],"ForwardPanamaCanalScale":[36.50,39.25,51.75],"DataMappingMode":0}
{"Date":"2011-11-30T00:00:00","BackwardsRatioScale":[0.9065491936597537438685120242,0.908423180209540954343518049,0.922937531126947918722787277],"BackwardsPanamaCanalScale":[-205.25,-207.00,-184.75],"ForwardPanamaCanalScale":[40.75,43.50,32.0],"DataMappingMode":1}
{"Date":"2011-12-11T00:00:00","BackwardsRatioScale":[0.9054647943355391504946842565,0.9279982607839037516569637597,0.9586532722316323811879703658],"BackwardsPanamaCanalScale":[-209.00,-138.50,-59.00],"ForwardPanamaCanalScale":[41.50,37.25,60.00],"DataMappingMode":2}
{"Date":"2011-12-11T00:00:00","BackwardsRatioScale":[0.9060893188487872833587264303,0.9251869992056809590735831871,0.9509786255217253369892227271],"BackwardsPanamaCanalScale":[-207.50,-143.50,-73.00],"ForwardPanamaCanalScale":[41.50,37.25,60.00],"DataMappingMode":3}
{"Date":"2011-12-15T00:00:00","BackwardsRatioScale":[0.9027452205806928943114444805,0.9039028637394905222855341263,0.9455596815662095315367909683],"BackwardsPanamaCanalScale":[-216.75,-198.50,-33.75],"ForwardPanamaCanalScale":[43.00,49.75,51.75],"DataMappingMode":0}
{"Date":"2012-02-29T00:00:00","BackwardsRatioScale":[0.9111295756002335020731831642,0.9171348491485020693923132639,0.922937531126947918722787277],"BackwardsPanamaCanalScale":[-199.00,-195.25,-184.75],"ForwardPanamaCanalScale":[46.50,45.00,37.25],"DataMappingMode":1}
{"Date":"2012-03-13T00:00:00","BackwardsRatioScale":[0.9094448593655854764309246269,0.9306013414593144213670814701,0.9586532722316323811879703658],"BackwardsPanamaCanalScale":[-203.50,-135.00,-59.00],"ForwardPanamaCanalScale":[47.00,42.25,73.50],"DataMappingMode":2}
{"Date":"2012-03-13T00:00:00","BackwardsRatioScale":[0.9100721290415292054833801729,0.9277821941543644961256829996,0.9509786255217253369892227271],"BackwardsPanamaCanalScale":[-202.00,-140.00,-73.00],"ForwardPanamaCanalScale":[47.00,42.25,73.50],"DataMappingMode":3}
{"Date":"2012-03-15T00:00:00","BackwardsRatioScale":[0.9075786999330606898740675358,0.9117890125299056867923875607,0.9455596815662095315367909683],"BackwardsPanamaCanalScale":[-210.25,-188.00,-33.75],"ForwardPanamaCanalScale":[48.75,55.25,60.25],"DataMappingMode":0}
{"Date":"2012-05-31T00:00:00","BackwardsRatioScale":[0.9149924291004741233722952772,0.918150314934604858175548894,0.9265280624633069232231908585],"BackwardsPanamaCanalScale":[-193.25,-193.75,-179.50],"ForwardPanamaCanalScale":[53.75,45.00,37.25],"DataMappingMode":1}
{"Date":"2012-06-12T00:00:00","BackwardsRatioScale":[0.9130433821904133326326297244,0.9339609130891314409388037859,0.9680895239087209974081946458],"BackwardsPanamaCanalScale":[-198.00,-130.00,-45.50],"ForwardPanamaCanalScale":[53.75,47.50,62.75],"DataMappingMode":2}
{"Date":"2012-06-12T00:00:00","BackwardsRatioScale":[0.9136731338686719469439259218,0.9311315883570878336568226494,0.9603393338298137745024232424],"BackwardsPanamaCanalScale":[-196.50,-135.00,-59.50],"ForwardPanamaCanalScale":[53.75,47.50,62.75],"DataMappingMode":3}
{"Date":"2012-06-14T00:00:00","BackwardsRatioScale":[0.9113189454264239573650375328,0.9153974597822276736802149624,0.9513785103758477440385558358],"BackwardsPanamaCanalScale":[-204.50,-182.50,-25.25],"ForwardPanamaCanalScale":[55.50,60.75,70.25],"DataMappingMode":0}
{"Date":"2012-08-31T00:00:00","BackwardsRatioScale":[0.9200942903663679417875609114,0.918150314934604858175548894,0.9265280624633069232231908585],"BackwardsPanamaCanalScale":[-186.00,-193.75,-179.50],"ForwardPanamaCanalScale":[60.75,50.75,45.00],"DataMappingMode":1}
{"Date":"2012-09-18T00:00:00","BackwardsRatioScale":[0.917720326094632865924430332,0.9376967567414879667025590011,0.9602248253392755028137203647],"BackwardsPanamaCanalScale":[-191.25,-124.75,-56.25],"ForwardPanamaCanalScale":[60.25,56.00,68.75],"DataMappingMode":2}
{"Date":"2012-09-18T00:00:00","BackwardsRatioScale":[0.9183533035925296860005538861,0.93485611471051618499144994,0.9525375973184436644885172913],"BackwardsPanamaCanalScale":[-189.75,-129.75,-70.25],"ForwardPanamaCanalScale":[60.25,56.00,68.75],"DataMappingMode":3}
{"Date":"2012-09-20T00:00:00","BackwardsRatioScale":[0.9159597623872903185209892517,0.9192116158646536223205491914,0.9586409417527626123136593154],"BackwardsPanamaCanalScale":[-197.75,-177.00,-15.25],"ForwardPanamaCanalScale":[62.25,67.75,78.75],"DataMappingMode":0}
{"Date":"2012-10-28T00:00:00","BackwardsRatioScale":[0.9218215169640829268584343177,0.9432088054498577092454163673,0.9642257621115224840754441996],"BackwardsPanamaCanalScale":[-184.75,-116.25,-50.25],"ForwardPanamaCanalScale":[67.50,60.25,68.75],"DataMappingMode":2}
{"Date":"2012-10-28T00:00:00","BackwardsRatioScale":[0.9224573231685705543120035941,0.9403514653156609896750096388,0.9565065039739371797572194467],"BackwardsPanamaCanalScale":[-183.25,-121.25,-64.25],"ForwardPanamaCanalScale":[67.50,60.25,68.75],"DataMappingMode":3}
{"Date":"2012-11-30T00:00:00","BackwardsRatioScale":[0.9247021673347561196394750065,0.9219429617096580032434435823,0.9317154148086857411065065379],"BackwardsPanamaCanalScale":[-179.00,-188.00,-171.75],"ForwardPanamaCanalScale":[67.75,58.50,51.00],"DataMappingMode":1}
{"Date":"2012-12-20T00:00:00","BackwardsRatioScale":[0.9202076005158469723512995763,0.9236537845295156004746698986,0.96429958620060878051134411],"BackwardsPanamaCanalScale":[-191.00,-170.00,-6.75],"ForwardPanamaCanalScale":[67.25,73.25,94.75],"DataMappingMode":0}
{"Date":"2013-02-28T00:00:00","BackwardsRatioScale":[0.9293002246399191761747094765,0.9270465745334078957613983593,0.9357256676701291517568932231],"BackwardsPanamaCanalScale":[-172.00,-180.25,-165.75],"ForwardPanamaCanalScale":[73.50,64.00,48.25],"DataMappingMode":1}
{"Date":"2013-03-12T00:00:00","BackwardsRatioScale":[0.926609771306185453256230233,0.9460896084848285286951418574,0.9642257621115224840754441996],"BackwardsPanamaCanalScale":[-177.50,-112.00,-50.25],"ForwardPanamaCanalScale":[73.25,67.25,77.00],"DataMappingMode":2}
{"Date":"2013-03-12T00:00:00","BackwardsRatioScale":[0.9272488801042482448144302651,0.9432235412966825916916239334,0.9565065039739371797572194467],"BackwardsPanamaCanalScale":[-176.00,-117.00,-64.25],"ForwardPanamaCanalScale":[73.25,67.25,77.00],"DataMappingMode":3}
{"Date":"2013-03-14T00:00:00","BackwardsRatioScale":[0.9234038756131580073368893629,0.9271963897003052349255839045,0.9751802585413772857921491211],"BackwardsPanamaCanalScale":[-186.00,-164.50,9.25],"ForwardPanamaCanalScale":[73.50,79.50,101.50],"DataMappingMode":0}
{"Date":"2013-05-31T00:00:00","BackwardsRatioScale":[0.9328554317534784145399819844,0.9304514200492234172483350478,0.9340104564812653922719197478],"BackwardsPanamaCanalScale":[-166.25,-174.75,-168.50],"ForwardPanamaCanalScale":[79.00,69.00,54.25],"DataMappingMode":1}
{"Date":"2013-06-18T00:00:00","BackwardsRatioScale":[0.9300533041451000219143160781,0.9503893177913656490982361557,0.9694182311307261789146233214],"BackwardsPanamaCanalScale":[-171.75,-105.00,-42.00],"ForwardPanamaCanalScale":[78.75,73.25,84.00],"DataMappingMode":2}
{"Date":"2013-06-18T00:00:00","BackwardsRatioScale":[0.9306947880445290187085540163,0.9475102251396150884563318494,0.9616574038811075333688363269],"BackwardsPanamaCanalScale":[-170.25,-110.00,-56.00],"ForwardPanamaCanalScale":[78.75,73.25,84.00],"DataMappingMode":3}
{"Date":"2013-06-20T00:00:00","BackwardsRatioScale":[0.9271129207433522474049199275,0.9309356879326826556181374773,0.9794462771707708675673254054],"BackwardsPanamaCanalScale":[-179.75,-158.25,16.00],"ForwardPanamaCanalScale":[80.00,87.00,112.00],"DataMappingMode":0}
{"Date":"2013-08-31T00:00:00","BackwardsRatioScale":[0.9360191159678419917127705775,0.9333289565268768065084195848,0.9374896200627569908152266039],"BackwardsPanamaCanalScale":[-160.75,-169.75,-162.50],"ForwardPanamaCanalScale":[85.75,75.75,60.75],"DataMappingMode":1}
{"Date":"2013-09-17T00:00:00","BackwardsRatioScale":[0.9331610156717088008453784951,0.9538663518808462551315223855,0.9735737287534543376729836173],"BackwardsPanamaCanalScale":[-166.25,-99.00,-35.00],"ForwardPanamaCanalScale":[85.50,80.75,100.00],"DataMappingMode":2}
{"Date":"2013-09-17T00:00:00","BackwardsRatioScale":[0.9338046430471079431331573256,0.9509767259632966070726355025,0.9657796340263419196110787361],"BackwardsPanamaCanalScale":[-164.75,-104.00,-49.00],"ForwardPanamaCanalScale":[85.50,80.75,100.00],"DataMappingMode":3}
{"Date":"2013-09-19T00:00:00","BackwardsRatioScale":[0.9309149611123312944762965707,0.9353616896185749661836753734,0.9860092547778500597239667052],"BackwardsPanamaCanalScale":[-173.25,-150.75,26.50],"ForwardPanamaCanalScale":[86.75,93.50,115.75],"DataMappingMode":0}
{"Date":"2013-11-17T00:00:00","BackwardsRatioScale":[0.937514579092174440258612777,0.9551932943610055781356238361,0.975002238708181054623777787],"BackwardsPanamaCanalScale":[-158.00,-96.50,-33.00],"ForwardPanamaCanalScale":[97.50,102.00,126.00],"DataMappingMode":3}
{"Date":"2013-11-30T00:00:00","BackwardsRatioScale":[0.9399059994084959033978282222,0.9372208301679927406822770873,0.9412692339752444589127914809],"BackwardsPanamaCanalScale":[-154.00,-163.00,-156.00],"ForwardPanamaCanalScale":[92.25,81.25,60.75],"DataMappingMode":1}
{"Date":"2013-12-17T00:00:00","BackwardsRatioScale":[0.9368683946333238887828159906,0.9580957326902499482521173709,0.9828707622718400550127435325],"BackwardsPanamaCanalScale":[-159.50,-91.50,-19.00],"ForwardPanamaCanalScale":[92.00,87.75,107.00],"DataMappingMode":2}
{"Date":"2013-12-19T00:00:00","BackwardsRatioScale":[0.9345767769558675626800931918,0.9389181979441208786026247094,0.9881769433051353815612610773],"BackwardsPanamaCanalScale":[-166.50,-144.25,30.25],"ForwardPanamaCanalScale":[93.50,108.00,114.00],"DataMappingMode":0}
{"Date":"2014-02-28T00:00:00","BackwardsRatioScale":[0.9432921094243779726077968427,0.9400865505660046712305759192,0.9412692339752444589127914809],"BackwardsPanamaCanalScale":[-147.50,-157.50,-156.00],"ForwardPanamaCanalScale":[99.50,100.25,66.25],"DataMappingMode":1}
{"Date":"2014-03-18T00:00:00","BackwardsRatioScale":[0.9403015980526990009897720464,0.9618917820061303782154765454,0.9867804627042326564533397563],"BackwardsPanamaCanalScale":[-153.00,-84.50,-12.00],"ForwardPanamaCanalScale":[99.00,97.00,112.00],"DataMappingMode":2}
{"Date":"2014-03-20T00:00:00","BackwardsRatioScale":[0.9380765790332335022352058847,0.9465324674464641407613148986,0.9872107135798754363634780312],"BackwardsPanamaCanalScale":[-159.75,-129.75,28.50],"ForwardPanamaCanalScale":[101.25,115.75,122.50],"DataMappingMode":0}
{"Date":"2014-05-31T00:00:00","BackwardsRatioScale":[0.9469828097985424304067210343,0.9498257242087277294385262695,0.9441005059396217323741096943],"BackwardsPanamaCanalScale":[-140.25,-138.50,-150.50],"ForwardPanamaCanalScale":[107.00,105.50,73.50],"DataMappingMode":1}
{"Date":"2014-06-17T00:00:00","BackwardsRatioScale":[0.9438313533477084623153805217,0.9666869849075352318929182905,0.9894467163186726258033893098],"BackwardsPanamaCanalScale":[-146.00,-75.25,-7.00],"ForwardPanamaCanalScale":[106.75,104.25,118.75],"DataMappingMode":2}
{"Date":"2014-06-17T00:00:00","BackwardsRatioScale":[0.9438313533477084623153805217,0.9666869849075352318929182905,0.9894467163186726258033893098],"BackwardsPanamaCanalScale":[-146.00,-75.25,-7.00],"ForwardPanamaCanalScale":[105.25,109.25,132.75],"DataMappingMode":3}
{"Date":"2014-06-19T00:00:00","BackwardsRatioScale":[0.9419757978519557117510668907,0.9504832559870377759253920175,0.9917508413036297667890641604],"BackwardsPanamaCanalScale":[-152.00,-122.00,37.00],"ForwardPanamaCanalScale":[109.75,122.25,132.75],"DataMappingMode":0}
{"Date":"2014-08-31T00:00:00","BackwardsRatioScale":[0.9506979247840212159320514424,0.9524412946530475933669565149,0.9477044173088792064084455086],"BackwardsPanamaCanalScale":[-132.75,-133.25,-143.25],"ForwardPanamaCanalScale":[115.50,118.50,72.00],"DataMappingMode":1}
{"Date":"2014-09-16T00:00:00","BackwardsRatioScale":[0.9476140000127089745754680196,0.9703249193173871033858970902,0.9929256929224757461181036621],"BackwardsPanamaCanalScale":[-138.25,-68.00,-0.25],"ForwardPanamaCanalScale":[115.25,111.75,125.75],"DataMappingMode":2}
{"Date":"2014-09-16T00:00:00","BackwardsRatioScale":[0.9476140000127089745754680196,0.9703249193173871033858970902,0.9929256929224757461181036621],"BackwardsPanamaCanalScale":[-138.25,-68.00,-0.25],"ForwardPanamaCanalScale":[113.75,116.75,139.75],"DataMappingMode":3}
{"Date":"2014-09-18T00:00:00","BackwardsRatioScale":[0.9460834260585693444558939106,0.9536633569593274403410476851,0.9970110980298197823697047336],"BackwardsPanamaCanalScale":[-143.50,-115.50,47.25],"ForwardPanamaCanalScale":[117.75,130.00,142.25],"DataMappingMode":0}
{"Date":"2014-11-30T00:00:00","BackwardsRatioScale":[0.954755636238032855568216362,0.9586994381104595815973181195,0.946986459416978540342984565],"BackwardsPanamaCanalScale":[-124.25,-120.25,-144.75],"ForwardPanamaCanalScale":[123.75,124.00,80.50],"DataMappingMode":1}
{"Date":"2014-12-16T00:00:00","BackwardsRatioScale":[0.9516585488453015059758654477,0.9739929822684356937464788584,0.9964413630542194639849861738],"BackwardsPanamaCanalScale":[-129.75,-60.50,6.75],"ForwardPanamaCanalScale":[122.00,118.25,107.75],"DataMappingMode":2}
{"Date":"2014-12-16T00:00:00","BackwardsRatioScale":[0.9516585488453015059758654477,0.9739929822684356937464788584,0.9964413630542194639849861738],"BackwardsPanamaCanalScale":[-129.75,-60.50,6.75],"ForwardPanamaCanalScale":[120.50,123.25,121.75],"DataMappingMode":3}
{"Date":"2014-12-18T00:00:00","BackwardsRatioScale":[0.9498540911020211091865687898,0.9573597265599449885594238389,1.0017706987490576155016204095],"BackwardsPanamaCanalScale":[-135.50,-107.75,56.75],"ForwardPanamaCanalScale":[122.75,137.25,165.75],"DataMappingMode":0}
{"Date":"2015-02-28T00:00:00","BackwardsRatioScale":[0.9585979455058200609625762571,0.9612784779292942735507469528,0.9509399883487291874907818974],"BackwardsPanamaCanalScale":[-116.00,-114.75,-136.25],"ForwardPanamaCanalScale":[131.75,132.00,86.25],"DataMappingMode":1}
{"Date":"2015-03-17T00:00:00","BackwardsRatioScale":[0.95492179253577942579569633,0.9772197683972556896737735131,0.9873828052082720143123953904],"BackwardsPanamaCanalScale":[-123.00,-54.00,-11.25],"ForwardPanamaCanalScale":[130.00,124.25,111.00],"DataMappingMode":2}
{"Date":"2015-03-17T00:00:00","BackwardsRatioScale":[0.95492179253577942579569633,0.9772197683972556896737735131,0.9873828052082720143123953904],"BackwardsPanamaCanalScale":[-123.00,-54.00,-11.25],"ForwardPanamaCanalScale":[128.50,129.25,125.00],"DataMappingMode":3}
{"Date":"2015-03-19T00:00:00","BackwardsRatioScale":[0.9521604018731805631362751605,0.9607422109739603887383009455,1.0133761271052828331325240721],"BackwardsPanamaCanalScale":[-130.50,-100.50,80.25],"ForwardPanamaCanalScale":[131.50,144.00,172.00],"DataMappingMode":0}
{"Date":"2015-05-31T00:00:00","BackwardsRatioScale":[0.9622545355947682361861788844,0.9649593336542837933250228775,0.9535643727658183129182222602],"BackwardsPanamaCanalScale":[-108.00,-106.75,-130.50],"ForwardPanamaCanalScale":[138.75,139.50,92.75],"DataMappingMode":1}
{"Date":"2015-06-16T00:00:00","BackwardsRatioScale":[0.9586176678818298541490420342,0.9800646585527062156990246732,0.9889422726445139698689573076],"BackwardsPanamaCanalScale":[-115.00,-48.00,-8.00],"ForwardPanamaCanalScale":[138.25,131.25,118.25],"DataMappingMode":2}
{"Date":"2015-06-16T00:00:00","BackwardsRatioScale":[0.9586176678818298541490420342,0.9800646585527062156990246732,0.9889422726445139698689573076],"BackwardsPanamaCanalScale":[-115.00,-48.00,-8.00],"ForwardPanamaCanalScale":[136.75,136.25,132.25],"DataMappingMode":3}
{"Date":"2015-06-18T00:00:00","BackwardsRatioScale":[0.9561654029626603515883565967,0.9638697778531859651183267624,1.016439907874134214294492037],"BackwardsPanamaCanalScale":[-121.75,-93.75,86.50],"ForwardPanamaCanalScale":[140.00,151.75,174.25],"DataMappingMode":0}
{"Date":"2015-08-31T00:00:00","BackwardsRatioScale":[0.965462050713417463640132814,0.9684179692587794341613132821,0.9565356903223752731454362797],"BackwardsPanamaCanalScale":[-101.00,-99.25,-124.00],"ForwardPanamaCanalScale":[147.00,138.50,98.25],"DataMappingMode":1}
{"Date":"2015-09-15T00:00:00","BackwardsRatioScale":[0.962402137679664569448350371,0.9833585981085189361454984088,0.9923967807036191138253774187],"BackwardsPanamaCanalScale":[-106.75,-41.00,-0.75],"ForwardPanamaCanalScale":[148.00,138.00,123.50],"DataMappingMode":2}
{"Date":"2015-09-15T00:00:00","BackwardsRatioScale":[0.962402137679664569448350371,0.9833585981085189361454984088,0.9923967807036191138253774187],"BackwardsPanamaCanalScale":[-106.75,-41.00,-0.75],"ForwardPanamaCanalScale":[146.50,143.00,137.50],"DataMappingMode":3}
{"Date":"2015-09-17T00:00:00","BackwardsRatioScale":[0.9600117853219516970632742641,0.9674180456495817334259705256,1.0175273970765673108147785834],"BackwardsPanamaCanalScale":[-113.25,-86.00,88.75],"ForwardPanamaCanalScale":[150.75,159.25,181.25],"DataMappingMode":0}
{"Date":"2015-11-30T00:00:00","BackwardsRatioScale":[0.9695535169614645647445535643,0.9679207709688249844454045088,0.9592443767925892332444451094],"BackwardsPanamaCanalScale":[-92.75,-100.25,-118.50],"ForwardPanamaCanalScale":[154.00,145.75,110.25],"DataMappingMode":1}
{"Date":"2015-12-15T00:00:00","BackwardsRatioScale":[0.9671659000060393528229519276,0.986739989110675076144979873,0.9950580413848572700494015441],"BackwardsPanamaCanalScale":[-97.00,-34.25,4.50],"ForwardPanamaCanalScale":[156.50,145.75,129.50],"DataMappingMode":2}
{"Date":"2015-12-15T00:00:00","BackwardsRatioScale":[0.9671659000060393528229519276,0.986739989110675076144979873,0.9950580413848572700494015441],"BackwardsPanamaCanalScale":[-97.00,-34.25,4.50],"ForwardPanamaCanalScale":[155.00,150.75,143.50],"DataMappingMode":3}
{"Date":"2015-12-17T00:00:00","BackwardsRatioScale":[0.9652332002939785023976684955,0.9711029798001007090484666043,1.0211577190844857466841483337],"BackwardsPanamaCanalScale":[-102.50,-78.50,95.75],"ForwardPanamaCanalScale":[160.25,165.25,188.25],"DataMappingMode":0}
{"Date":"2016-02-29T00:00:00","BackwardsRatioScale":[0.9728160453204263491229753285,0.9713059256188606724035469028,0.964829496890362678561734455],"BackwardsPanamaCanalScale":[-85.75,-93.00,-106.50],"ForwardPanamaCanalScale":[163.25,151.50,121.50],"DataMappingMode":1}
{"Date":"2016-03-15T00:00:00","BackwardsRatioScale":[0.9712021882839582601503092819,0.9905089565407429577813148134,0.9980092763074025708997705057],"BackwardsPanamaCanalScale":[-88.50,-26.50,10.50],"ForwardPanamaCanalScale":[165.75,154.25,140.25],"DataMappingMode":2}
{"Date":"2016-03-15T00:00:00","BackwardsRatioScale":[0.9712021882839582601503092819,0.9905089565407429577813148134,0.9980092763074025708997705057],"BackwardsPanamaCanalScale":[-88.50,-26.50,10.50],"ForwardPanamaCanalScale":[164.25,159.25,154.25],"DataMappingMode":3}
{"Date":"2016-03-17T00:00:00","BackwardsRatioScale":[0.9697636920937773145383690146,0.9739903028322120094718019857,1.0247122213388822659416267218],"BackwardsPanamaCanalScale":[-93.00,-72.50,102.75],"ForwardPanamaCanalScale":[169.50,173.25,194.25],"DataMappingMode":0}
{"Date":"2016-05-31T00:00:00","BackwardsRatioScale":[0.9774973034394087622999229273,0.9742200968019070845435523266,0.9705265612336334200044949918],"BackwardsPanamaCanalScale":[-76.50,-87.25,-95.25],"ForwardPanamaCanalScale":[172.00,158.25,127.50],"DataMappingMode":1}
{"Date":"2016-06-14T00:00:00","BackwardsRatioScale":[0.9756738758109003277990849717,0.9947175674533129728481187004,1.0034012098268419867244582971],"BackwardsPanamaCanalScale":[-79.25,-18.00,21.25],"ForwardPanamaCanalScale":[174.50,162.25,143.75],"DataMappingMode":2}
{"Date":"2016-06-14T00:00:00","BackwardsRatioScale":[0.9756738758109003277990849717,0.9947175674533129728481187004,1.0034012098268419867244582971],"BackwardsPanamaCanalScale":[-79.25,-18.00,21.25],"ForwardPanamaCanalScale":[173.00,167.25,157.75],"DataMappingMode":3}
{"Date":"2016-06-16T00:00:00","BackwardsRatioScale":[0.9741749604251603684648405727,0.9778372159019023062260722478,1.027756674583761341750316873],"BackwardsPanamaCanalScale":[-83.75,-64.50,108.75],"ForwardPanamaCanalScale":[177.75,181.75,223.00],"DataMappingMode":0}
{"Date":"2016-08-31T00:00:00","BackwardsRatioScale":[0.9815965612419943490097836154,0.9773820084035000033177650821,0.9733345946838573141672566409],"BackwardsPanamaCanalScale":[-67.75,-80.50,-89.25],"ForwardPanamaCanalScale":[179.25,164.25,133.50],"DataMappingMode":1}
{"Date":"2016-09-13T00:00:00","BackwardsRatioScale":[0.9798130983143405110079295746,0.9985908896921187668528813918,1.0051134985808127068383225604],"BackwardsPanamaCanalScale":[-70.50,-10.00,24.75],"ForwardPanamaCanalScale":[181.00,166.50,137.25],"DataMappingMode":2}
{"Date":"2016-09-13T00:00:00","BackwardsRatioScale":[0.9798130983143405110079295746,0.9985908896921187668528813918,1.0051134985808127068383225604],"BackwardsPanamaCanalScale":[-70.50,-10.00,24.75],"ForwardPanamaCanalScale":[179.50,171.50,151.25],"DataMappingMode":3}
{"Date":"2016-09-15T00:00:00","BackwardsRatioScale":[0.9780514555046286299093527804,0.981862699052485267651388443,1.0422694468795782074552881943],"BackwardsPanamaCanalScale":[-75.50,-56.00,137.50],"ForwardPanamaCanalScale":[185.25,187.50,219.00],"DataMappingMode":0}
{"Date":"2016-11-30T00:00:00","BackwardsRatioScale":[0.9848882240861222209016989397,0.980101995439873379950374818,0.9760508772736727299277234036],"BackwardsPanamaCanalScale":[-60.50,-74.50,-83.25],"ForwardPanamaCanalScale":[184.25,171.50,130.75],"DataMappingMode":1}
{"Date":"2016-12-13T00:00:00","BackwardsRatioScale":[0.9828133504114047971092375677,1.0005941992418905415798697071,1.0020390337616243385585818091],"BackwardsPanamaCanalScale":[-64.00,-5.75,18.25],"ForwardPanamaCanalScale":[186.00,172.00,142.00],"DataMappingMode":2}
{"Date":"2016-12-13T00:00:00","BackwardsRatioScale":[0.9828133504114047971092375677,1.0005941992418905415798697071,1.0020390337616243385585818091],"BackwardsPanamaCanalScale":[-64.00,-5.75,18.25],"ForwardPanamaCanalScale":[184.50,177.00,156.00],"DataMappingMode":3}
{"Date":"2016-12-15T00:00:00","BackwardsRatioScale":[0.981489246209390066218348748,0.9845157585071618608323073732,1.0403139694933125823005878412],"BackwardsPanamaCanalScale":[-68.00,-50.25,133.50],"ForwardPanamaCanalScale":[190.50,192.00,221.25],"DataMappingMode":0}
{"Date":"2017-02-28T00:00:00","BackwardsRatioScale":[0.9871322163943612781377474677,0.9833507047629681711286307181,0.9748252426104295335773575409],"BackwardsPanamaCanalScale":[-55.50,-67.25,-86.00],"ForwardPanamaCanalScale":[188.25,179.50,130.00],"DataMappingMode":1}
{"Date":"2017-03-14T00:00:00","BackwardsRatioScale":[0.9849805242822127459452006053,1.0030271205928323620832690366,1.0041476550531816386397218085],"BackwardsPanamaCanalScale":[-59.00,-0.25,23.00],"ForwardPanamaCanalScale":[189.50,176.00,145.00],"DataMappingMode":2}
{"Date":"2017-03-14T00:00:00","BackwardsRatioScale":[0.9849805242822127459452006053,1.0030271205928323620832690366,1.0041476550531816386397218085],"BackwardsPanamaCanalScale":[-59.00,-0.25,23.00],"ForwardPanamaCanalScale":[188.00,181.00,159.00],"DataMappingMode":3}
{"Date":"2017-03-16T00:00:00","BackwardsRatioScale":[0.9837692544140800210181922573,0.9864799885729043695327043509,1.0413527829544731074576615448],"BackwardsPanamaCanalScale":[-62.75,-45.75,135.75],"ForwardPanamaCanalScale":[194.00,196.75,224.50],"DataMappingMode":0}
{"Date":"2017-05-31T00:00:00","BackwardsRatioScale":[0.9888047903075572731022930527,0.9866943688318678610102709458,0.9745145908441419524640441701],"BackwardsPanamaCanalScale":[-51.50,-59.25,-86.75],"ForwardPanamaCanalScale":[191.00,180.25,135.75],"DataMappingMode":1}
{"Date":"2017-06-13T00:00:00","BackwardsRatioScale":[0.986438828780938526237420657,1.0047271665599388576122237299,1.0054257386192230238395178057],"BackwardsPanamaCanalScale":[-55.50,3.75,26.00],"ForwardPanamaCanalScale":[191.50,177.00,150.50],"DataMappingMode":2}
{"Date":"2017-06-13T00:00:00","BackwardsRatioScale":[0.986438828780938526237420657,1.0047271665599388576122237299,1.0054257386192230238395178057],"BackwardsPanamaCanalScale":[-55.50,3.75,26.00],"ForwardPanamaCanalScale":[190.00,182.00,164.50],"DataMappingMode":3}
{"Date":"2017-06-15T00:00:00","BackwardsRatioScale":[0.9852168862788894723839957775,0.9884539874968522561068087619,1.0427804971686060066769137701],"BackwardsPanamaCanalScale":[-59.25,-41.00,139.00],"ForwardPanamaCanalScale":[196.00,200.00,227.00],"DataMappingMode":0}
{"Date":"2017-08-31T00:00:00","BackwardsRatioScale":[0.989933328665451351749743273,0.9870015907422462319062782954,0.976846450560061143569607322],"BackwardsPanamaCanalScale":[-48.75,-58.50,-81.00],"ForwardPanamaCanalScale":[192.75,182.50,141.00],"DataMappingMode":1}
{"Date":"2017-09-12T00:00:00","BackwardsRatioScale":[0.987248048492817885159682692,1.0051394468909031328923272275,1.007699989724469055766771496],"BackwardsPanamaCanalScale":[-53.50,4.75,31.50],"ForwardPanamaCanalScale":[193.25,178.25,157.00],"DataMappingMode":2}
{"Date":"2017-09-12T00:00:00","BackwardsRatioScale":[0.987248048492817885159682692,1.0051394468909031328923272275,1.007699989724469055766771496],"BackwardsPanamaCanalScale":[-53.50,4.75,31.50],"ForwardPanamaCanalScale":[191.75,183.25,171.00],"DataMappingMode":3}
{"Date":"2017-09-14T00:00:00","BackwardsRatioScale":[0.9860271808291342668508480409,0.9897768104160883153336348391,1.0438550854797855264694497489],"BackwardsPanamaCanalScale":[-57.25,-37.75,141.50],"ForwardPanamaCanalScale":[198.00,201.00,222.00],"DataMappingMode":0}
{"Date":"2017-11-30T00:00:00","BackwardsRatioScale":[0.9906344855308422411013822695,0.9879012275983005377688625069,0.9789284332518059201873848267],"BackwardsPanamaCanalScale":[-47.00,-56.25,-75.75],"ForwardPanamaCanalScale":[190.50,183.50,138.25],"DataMappingMode":1}
{"Date":"2017-12-12T00:00:00","BackwardsRatioScale":[0.9879406458409287014751885829,1.0056433772262540318860564601,1.0103339697921111785625829023],"BackwardsPanamaCanalScale":[-51.75,6.00,38.00],"ForwardPanamaCanalScale":[190.25,175.00,152.50],"DataMappingMode":2}
{"Date":"2017-12-12T00:00:00","BackwardsRatioScale":[0.9879406458409287014751885829,1.0056433772262540318860564601,1.0103339697921111785625829023],"BackwardsPanamaCanalScale":[-51.75,6.00,38.00],"ForwardPanamaCanalScale":[188.75,180.00,166.50],"DataMappingMode":3}
{"Date":"2017-12-14T00:00:00","BackwardsRatioScale":[0.986819807180283088608766729,0.9901747906374056005428562443,1.0417606731894970322349604838],"BackwardsPanamaCanalScale":[-55.25,-36.75,136.50],"ForwardPanamaCanalScale":[195.50,199.75,217.75],"DataMappingMode":0}
{"Date":"2018-02-28T00:00:00","BackwardsRatioScale":[0.9897914720692520765618670993,0.9882750078584588050930277973,0.9779109322817813652292386269],"BackwardsPanamaCanalScale":[-49.25,-55.25,-78.50],"ForwardPanamaCanalScale":[185.50,179.25,132.50],"DataMappingMode":1}
{"Date":"2018-03-13T00:00:00","BackwardsRatioScale":[0.9868285175341659299538281455,1.004418476644979666439179412,1.0086329117567302037974415224],"BackwardsPanamaCanalScale":[-54.75,2.75,33.50],"ForwardPanamaCanalScale":[186.00,173.00,144.75],"DataMappingMode":2}
{"Date":"2018-03-13T00:00:00","BackwardsRatioScale":[0.9868285175341659299538281455,1.004418476644979666439179412,1.0086329117567302037974415224],"BackwardsPanamaCanalScale":[-54.75,2.75,33.50],"ForwardPanamaCanalScale":[184.50,178.00,158.75],"DataMappingMode":3}
{"Date":"2018-03-15T00:00:00","BackwardsRatioScale":[0.9858903357597497146908909009,0.9897086944264107758391550316,1.0400960494989037951310978719],"BackwardsPanamaCanalScale":[-57.75,-38.00,132.25],"ForwardPanamaCanalScale":[191.25,192.75,212.50],"DataMappingMode":0}
{"Date":"2018-05-31T00:00:00","BackwardsRatioScale":[0.987974840937620889856238271,0.986735638687339710381044888,0.9758544312812802249348002536],"BackwardsPanamaCanalScale":[-54.25,-59.50,-84.25],"ForwardPanamaCanalScale":[181.50,176.50,129.25],"DataMappingMode":1}
{"Date":"2018-06-12T00:00:00","BackwardsRatioScale":[0.98531347330061758525869448,1.0036933301949156074795626414,1.005819051041786122055386025],"BackwardsPanamaCanalScale":[-59.00,0.75,25.75],"ForwardPanamaCanalScale":[181.75,168.50,139.00],"DataMappingMode":2}
{"Date":"2018-06-12T00:00:00","BackwardsRatioScale":[0.98531347330061758525869448,1.0036933301949156074795626414,1.005819051041786122055386025],"BackwardsPanamaCanalScale":[-59.00,0.75,25.75],"ForwardPanamaCanalScale":[180.25,173.50,153.00],"DataMappingMode":3}
{"Date":"2018-06-14T00:00:00","BackwardsRatioScale":[0.984371519655724726458018663,0.9872037822467181516211765139,1.038125459726305727673704056],"BackwardsPanamaCanalScale":[-62.00,-45.00,127.00],"ForwardPanamaCanalScale":[186.00,188.50,206.00],"DataMappingMode":0}
{"Date":"2018-08-31T00:00:00","BackwardsRatioScale":[0.9865179195131967484518419749,0.9857362747221835795630546943,0.9746877853729983927733001246],"BackwardsPanamaCanalScale":[-58.25,-62.25,-87.50],"ForwardPanamaCanalScale":[177.25,169.75,133.50],"DataMappingMode":1}
{"Date":"2018-09-18T00:00:00","BackwardsRatioScale":[0.9838140257089865317317588604,1.0020786657974262446290279978,1.0037557404661563431749655934],"BackwardsPanamaCanalScale":[-63.25,-3.75,20.00],"ForwardPanamaCanalScale":[176.50,158.25,131.50],"DataMappingMode":2}
{"Date":"2018-09-18T00:00:00","BackwardsRatioScale":[0.9838140257089865317317588604,1.0020786657974262446290279978,1.0037557404661563431749655934],"BackwardsPanamaCanalScale":[-63.25,-3.75,20.00],"ForwardPanamaCanalScale":[175.00,163.25,145.50],"DataMappingMode":3}
{"Date":"2018-09-20T00:00:00","BackwardsRatioScale":[0.982517546390005424282626879,0.9857009198576974469934734602,1.0357140184725860860298626993],"BackwardsPanamaCanalScale":[-67.25,-49.25,120.50],"ForwardPanamaCanalScale":[180.75,180.00,199.00],"DataMappingMode":0}
{"Date":"2018-11-30T00:00:00","BackwardsRatioScale":[0.9850777473679220086730801618,0.983456041735763175463654208,0.9761094663984244736550801419],"BackwardsPanamaCanalScale":[-62.50,-69.00,-83.25],"ForwardPanamaCanalScale":[172.75,162.25,159.50],"DataMappingMode":1}
{"Date":"2018-12-18T00:00:00","BackwardsRatioScale":[0.9820404747999051756354100806,0.9985641041808569994596704146,1.0011863998335637928084767736],"BackwardsPanamaCanalScale":[-68.50,-14.00,12.50],"ForwardPanamaCanalScale":[174.25,156.00,126.00],"DataMappingMode":2}
{"Date":"2018-12-18T00:00:00","BackwardsRatioScale":[0.9820404747999051756354100806,0.9985641041808569994596704146,1.0011863998335637928084767736],"BackwardsPanamaCanalScale":[-68.50,-14.00,12.50],"ForwardPanamaCanalScale":[172.75,161.00,140.00],"DataMappingMode":3}
{"Date":"2018-12-20T00:00:00","BackwardsRatioScale":[0.9807633491043235577709847123,0.982859801573943486905496341,1.0332613804044845628220788566],"BackwardsPanamaCanalScale":[-72.50,-57.75,113.50],"ForwardPanamaCanalScale":[179.00,175.00,193.75],"DataMappingMode":0}
{"Date":"2019-02-28T00:00:00","BackwardsRatioScale":[0.9834765734964552761323437122,0.9807990099227162648671205601,0.9853381377171004868605463541],"BackwardsPanamaCanalScale":[-67.00,-76.50,-57.25],"ForwardPanamaCanalScale":[167.00,157.25,139.25],"DataMappingMode":1}
{"Date":"2019-03-12T00:00:00","BackwardsRatioScale":[0.9811715833062756881618828794,0.997681373905085688881619434,0.9990276131241314294406647096],"BackwardsPanamaCanalScale":[-70.75,-16.25,7.00],"ForwardPanamaCanalScale":[169.00,154.50,114.75],"DataMappingMode":2}
{"Date":"2019-03-12T00:00:00","BackwardsRatioScale":[0.9811715833062756881618828794,0.997681373905085688881619434,0.9990276131241314294406647096],"BackwardsPanamaCanalScale":[-70.75,-16.25,7.00],"ForwardPanamaCanalScale":[167.50,159.50,128.75],"DataMappingMode":3}
{"Date":"2019-03-14T00:00:00","BackwardsRatioScale":[0.9800719751422157768138450453,0.9808842039828400829117164489,1.031085220642324882166250589],"BackwardsPanamaCanalScale":[-74.25,-62.75,108.25],"ForwardPanamaCanalScale":[174.00,171.00,190.00],"DataMappingMode":0}
{"Date":"2019-05-31T00:00:00","BackwardsRatioScale":[0.9814504214729495011994304279,0.9790450775015383030200763531,0.9782531497761253302306569396],"BackwardsPanamaCanalScale":[-72.75,-81.50,-77.50],"ForwardPanamaCanalScale":[163.50,157.75,117.75],"DataMappingMode":1}
{"Date":"2019-06-18T00:00:00","BackwardsRatioScale":[0.9793290899458686605797135563,0.9971463762964137330202118268,0.9950258112200379708039520594],"BackwardsPanamaCanalScale":[-76.00,-17.75,-4.25],"ForwardPanamaCanalScale":[164.50,154.00,116.00],"DataMappingMode":2}
{"Date":"2019-06-18T00:00:00","BackwardsRatioScale":[0.9793290899458686605797135563,0.9971463762964137330202118268,0.9950258112200379708039520594],"BackwardsPanamaCanalScale":[-76.00,-17.75,-4.25],"ForwardPanamaCanalScale":[163.00,159.00,130.00],"DataMappingMode":3}
{"Date":"2019-06-20T00:00:00","BackwardsRatioScale":[0.9783308630883123911737422828,0.9794921384103968115504793136,1.0297151897884286226895481566],"BackwardsPanamaCanalScale":[-79.25,-66.75,104.50],"ForwardPanamaCanalScale":[169.75,170.25,186.25],"DataMappingMode":0}
{"Date":"2019-08-31T00:00:00","BackwardsRatioScale":[0.9802040221713691952291118479,0.9792227303916674153958738629,0.9706793497328460019627566428],"BackwardsPanamaCanalScale":[-76.25,-81.00,-99.00],"ForwardPanamaCanalScale":[163.25,156.25,156.50],"DataMappingMode":1}
{"Date":"2019-09-17T00:00:00","BackwardsRatioScale":[0.9778243589497930621255577864,0.9969761712309026954281626313,0.9954506002446366891999578449],"BackwardsPanamaCanalScale":[-80.50,-18.25,-3.00],"ForwardPanamaCanalScale":[162.00,150.50,116.00],"DataMappingMode":2}
{"Date":"2019-09-17T00:00:00","BackwardsRatioScale":[0.9778243589497930621255577864,0.9969761712309026954281626313,0.9954506002446366891999578449],"BackwardsPanamaCanalScale":[-80.50,-18.25,-3.00],"ForwardPanamaCanalScale":[160.50,155.50,130.00],"DataMappingMode":3}
{"Date":"2019-09-19T00:00:00","BackwardsRatioScale":[0.9769250964859540689144274642,0.9792438304489948181049282372,1.0284116428353670622759821829],"BackwardsPanamaCanalScale":[-83.50,-67.50,100.75],"ForwardPanamaCanalScale":[167.75,166.50,188.25],"DataMappingMode":0}
{"Date":"2019-11-30T00:00:00","BackwardsRatioScale":[0.9801202153979277306946360346,0.9787206507144883003307247223,0.9837091669328625543403635779],"BackwardsPanamaCanalScale":[-76.50,-82.50,-60.25],"ForwardPanamaCanalScale":[161.25,156.00,156.50],"DataMappingMode":1}
{"Date":"2019-12-17T00:00:00","BackwardsRatioScale":[0.9770113346220722730159497729,0.995816992890463144083922595,0.9954506002446366891999578449],"BackwardsPanamaCanalScale":[-83.00,-21.75,-3.00],"ForwardPanamaCanalScale":[158.25,150.50,115.25],"DataMappingMode":2}
{"Date":"2019-12-17T00:00:00","BackwardsRatioScale":[0.9770113346220722730159497729,0.995816992890463144083922595,0.9954506002446366891999578449],"BackwardsPanamaCanalScale":[-83.00,-21.75,-3.00],"ForwardPanamaCanalScale":[156.75,155.50,129.25],"DataMappingMode":3}
{"Date":"2019-12-19T00:00:00","BackwardsRatioScale":[0.9762760307296308704631928973,0.9780254613832404284009158016,1.0290945190922298558100299798],"BackwardsPanamaCanalScale":[-85.50,-71.25,102.75],"ForwardPanamaCanalScale":[163.00,166.25,193.00],"DataMappingMode":0}
{"Date":"2020-02-29T00:00:00","BackwardsRatioScale":[0.97949737309725385494234776,0.9786429127755912003862981358,0.9837091669328625543403635779],"BackwardsPanamaCanalScale":[-78.50,-82.75,-60.25],"ForwardPanamaCanalScale":[165.50,151.00,203.50],"DataMappingMode":1}
{"Date":"2020-03-18T00:00:00","BackwardsRatioScale":[0.975864428218931634097868755,0.995816992890463144083922595,0.9952169446777222138015070293],"BackwardsPanamaCanalScale":[-86.75,-21.75,-3.75],"ForwardPanamaCanalScale":[172.00,149.75,129.25],"DataMappingMode":2}
{"Date":"2020-03-18T00:00:00","BackwardsRatioScale":[0.975864428218931634097868755,0.995816992890463144083922595,0.9952169446777222138015070293],"BackwardsPanamaCanalScale":[-86.75,-21.75,-3.75],"ForwardPanamaCanalScale":[170.50,154.75,143.25],"DataMappingMode":3}
{"Date":"2020-03-19T00:00:00","BackwardsRatioScale":[0.9748328466804701308274035357,0.9779493741371393516599479382,1.0306179157313223659199162727],"BackwardsPanamaCanalScale":[-90.25,-71.50,107.50],"ForwardPanamaCanalScale":[177.25,186.75,178.50],"DataMappingMode":0}
{"Date":"2020-05-31T00:00:00","BackwardsRatioScale":[0.9808925515926584058878039738,0.9770057017128131306240458595,0.9994257746819386281243347135],"BackwardsPanamaCanalScale":[-74.25,-87.75,-13.25],"ForwardPanamaCanalScale":[175.50,162.50,167.50],"DataMappingMode":1}
{"Date":"2020-06-17T00:00:00","BackwardsRatioScale":[0.9813563491799508953150367466,0.995511402569404286736106334,1.0009507048528202018645609793],"BackwardsPanamaCanalScale":[-73.00,-22.50,10.25],"ForwardPanamaCanalScale":[183.25,141.00,117.00],"DataMappingMode":2}
{"Date":"2020-06-17T00:00:00","BackwardsRatioScale":[0.9813563491799508953150367466,0.995511402569404286736106334,1.0009507048528202018645609793],"BackwardsPanamaCanalScale":[-73.00,-22.50,10.25],"ForwardPanamaCanalScale":[181.75,146.00,131.00],"DataMappingMode":3}
{"Date":"2020-06-18T00:00:00","BackwardsRatioScale":[0.9807290130918439421025692829,0.9865333870550632894501551455,1.0242587839108525045131763638],"BackwardsPanamaCanalScale":[-76.00,-51.00,93.00],"ForwardPanamaCanalScale":[188.00,199.75,169.00],"DataMappingMode":0}
{"Date":"2020-08-31T00:00:00","BackwardsRatioScale":[0.9841453871144380722976458042,0.980745903300595204859124597,0.9875904694554419864754939077],"BackwardsPanamaCanalScale":[-64.25,-76.25,-49.25],"ForwardPanamaCanalScale":[185.75,171.50,167.50],"DataMappingMode":1}
{"Date":"2020-09-15T00:00:00","BackwardsRatioScale":[0.9849283815113508621749555894,0.9927010380678774961218327639,0.9970102706487719822219673031],"BackwardsPanamaCanalScale":[-61.75,-31.25,-2.00],"ForwardPanamaCanalScale":[193.75,142.00,117.00],"DataMappingMode":2}
{"Date":"2020-09-15T00:00:00","BackwardsRatioScale":[0.9849283815113508621749555894,0.9927010380678774961218327639,0.9970102706487719822219673031],"BackwardsPanamaCanalScale":[-61.75,-31.25,-2.00],"ForwardPanamaCanalScale":[192.25,147.00,131.00],"DataMappingMode":3}
{"Date":"2020-09-17T00:00:00","BackwardsRatioScale":[0.9841132798090375292553186994,0.9906674620108907768424839446,1.021131778705693639310999076],"BackwardsPanamaCanalScale":[-65.25,-38.00,83.50],"ForwardPanamaCanalScale":[198.75,206.25,169.00],"DataMappingMode":0}
{"Date":"2020-11-30T00:00:00","BackwardsRatioScale":[0.9870388945272521247153011271,0.9832843210530448006154642681,0.9875904694554419864754939077],"BackwardsPanamaCanalScale":[-54.00,-67.25,-49.25],"ForwardPanamaCanalScale":[194.00,194.00,167.50],"DataMappingMode":1}
{"Date":"2020-12-15T00:00:00","BackwardsRatioScale":[0.9879779201787652916781880358,0.9929938486387993684014940965,0.9970102706487719822219673031],"BackwardsPanamaCanalScale":[-51.25,-30.25,-2.00],"ForwardPanamaCanalScale":[200.75,153.50,157.00],"DataMappingMode":2}
{"Date":"2020-12-15T00:00:00","BackwardsRatioScale":[0.9879779201787652916781880358,0.9929938486387993684014940965,0.9970102706487719822219673031],"BackwardsPanamaCanalScale":[-51.25,-30.25,-2.00],"ForwardPanamaCanalScale":[199.25,158.50,171.00],"DataMappingMode":3}
{"Date":"2020-12-17T00:00:00","BackwardsRatioScale":[0.9872726699114556727343375664,0.9925942539028928085748227075,1.021131778705693639310999076],"BackwardsPanamaCanalScale":[-54.50,-31.50,83.50],"ForwardPanamaCanalScale":[206.75,217.25,236.50],"DataMappingMode":0}
{"Date":"2021-02-28T00:00:00","BackwardsRatioScale":[0.9892815469315071040677938934,0.9894153719671901540902731765,0.9875904694554419864754939077],"BackwardsPanamaCanalScale":[-45.75,-44.75,-49.25],"ForwardPanamaCanalScale":[205.75,206.25,187.75],"DataMappingMode":1}
{"Date":"2021-03-16T00:00:00","BackwardsRatioScale":[0.9898539124319190573208700692,0.9961011763284173800305055746,1.0079814978361037234293617163],"BackwardsPanamaCanalScale":[-44.25,-18.75,38.00],"ForwardPanamaCanalScale":[210.50,163.25,162.00],"DataMappingMode":2}
{"Date":"2021-03-16T00:00:00","BackwardsRatioScale":[0.9898539124319190573208700692,0.9961011763284173800305055746,1.0079814978361037234293617163],"BackwardsPanamaCanalScale":[-44.25,-18.75,38.00],"ForwardPanamaCanalScale":[209.00,168.25,176.00],"DataMappingMode":3}
{"Date":"2021-03-18T00:00:00","BackwardsRatioScale":[0.989399553271975841142005454,0.9955432172500722335294001686,1.0400936480489217880464853037],"BackwardsPanamaCanalScale":[-46.50,-20.50,151.00],"ForwardPanamaCanalScale":[217.25,228.75,178.00],"DataMappingMode":0}
{"Date":"2021-05-31T00:00:00","BackwardsRatioScale":[0.9923209136922458172258005814,0.9925946855763705801870941737,0.9928643900795117913874476924],"BackwardsPanamaCanalScale":[-34.00,-32.50,-29.00],"ForwardPanamaCanalScale":[217.25,214.50,187.75],"DataMappingMode":1}
{"Date":"2021-06-15T00:00:00","BackwardsRatioScale":[0.9922942880931394153229886565,0.9985630233421568146199345808,1.0092606621734591850073177591],"BackwardsPanamaCanalScale":[-34.50,-9.00,43.00],"ForwardPanamaCanalScale":[220.75,172.00,172.00],"DataMappingMode":2}
{"Date":"2021-06-15T00:00:00","BackwardsRatioScale":[0.9922942880931394153229886565,0.9985630233421568146199345808,1.0092606621734591850073177591],"BackwardsPanamaCanalScale":[-34.50,-9.00,43.00],"ForwardPanamaCanalScale":[219.25,177.00,186.00],"DataMappingMode":3}
{"Date":"2021-06-17T00:00:00","BackwardsRatioScale":[0.9920565085940617097691131413,0.9984799229056771663716697856,1.0247169792566898131663439364],"BackwardsPanamaCanalScale":[-36.00,-9.00,92.50],"ForwardPanamaCanalScale":[228.00,236.50,184.75],"DataMappingMode":0}
{"Date":"2021-08-31T00:00:00","BackwardsRatioScale":[0.9950501670273635037784096592,0.994557040274670378242819917,0.9928643900795117913874476924],"BackwardsPanamaCanalScale":[-22.50,-24.25,-29.00],"ForwardPanamaCanalScale":[227.75,223.25,187.00],"DataMappingMode":1}
{"Date":"2021-09-14T00:00:00","BackwardsRatioScale":[0.9946949528604621695584428687,1.0006295858904642583588003394,1.0116534091202905249433237282],"BackwardsPanamaCanalScale":[-24.25,-0.25,53.00],"ForwardPanamaCanalScale":[230.50,180.75,172.00],"DataMappingMode":2}
{"Date":"2021-09-14T00:00:00","BackwardsRatioScale":[0.9946949528604621695584428687,1.0006295858904642583588003394,1.0116534091202905249433237282],"BackwardsPanamaCanalScale":[-24.25,-0.25,53.00],"ForwardPanamaCanalScale":[229.00,185.75,186.00],"DataMappingMode":3}
{"Date":"2021-09-16T00:00:00","BackwardsRatioScale":[0.994586514517170935409352265,1.0003190719021166192627881316,1.0263635517996839585543991221],"BackwardsPanamaCanalScale":[-25.25,-1.25,99.25],"ForwardPanamaCanalScale":[238.25,244.00,184.75],"DataMappingMode":0}
{"Date":"2021-11-30T00:00:00","BackwardsRatioScale":[0.9973627006160725159053847148,0.9964869341821723721020259212,0.9926992795933566619321171856],"BackwardsPanamaCanalScale":[-12.00,-15.50,-29.75],"ForwardPanamaCanalScale":[235.00,230.50,151.00],"DataMappingMode":1}
{"Date":"2021-12-14T00:00:00","BackwardsRatioScale":[0.9968786344344310986106679895,1.0026048840013591398614826864,1.0116534091202905249433237282],"BackwardsPanamaCanalScale":[-14.50,8.50,53.00],"ForwardPanamaCanalScale":[240.00,189.00,126.75],"DataMappingMode":2}
{"Date":"2021-12-14T00:00:00","BackwardsRatioScale":[0.9968786344344310986106679895,1.0026048840013591398614826864,1.0116534091202905249433237282],"BackwardsPanamaCanalScale":[-14.50,8.50,53.00],"ForwardPanamaCanalScale":[238.50,194.00,140.75],"DataMappingMode":3}
{"Date":"2021-12-16T00:00:00","BackwardsRatioScale":[0.9968735614658643739035633386,1.0020050029221763663739051902,1.0263635517996839585543991221],"BackwardsPanamaCanalScale":[-15.0,6.25,99.25],"ForwardPanamaCanalScale":[248.25,251.50,179.75],"DataMappingMode":0}
{"Date":"2022-02-28T00:00:00","BackwardsRatioScale":[0.9989424438198447646880192747,0.9980677941981068906354481724,0.984940448923499770957398076],"BackwardsPanamaCanalScale":[-4.75,-8.25,-65.75],"ForwardPanamaCanalScale":[242.00,235.00,216.75],"DataMappingMode":1}
{"Date":"2022-03-15T00:00:00","BackwardsRatioScale":[0.9989253919505597122775798862,1.00439573440309363791915137,1.0018383755090784438426193117],"BackwardsPanamaCanalScale":[-5.00,16.75,7.75],"ForwardPanamaCanalScale":[248.25,187.00,119.50],"DataMappingMode":2}
{"Date":"2022-03-15T00:00:00","BackwardsRatioScale":[0.9989253919505597122775798862,1.00439573440309363791915137,1.0018383755090784438426193117],"BackwardsPanamaCanalScale":[-5.00,16.75,7.75],"ForwardPanamaCanalScale":[246.75,192.00,133.50],"DataMappingMode":3}
{"Date":"2022-03-17T00:00:00","BackwardsRatioScale":[0.9990136936287365601936096317,1.0036209662641646090892700518,1.0252612388882891739356101637],"BackwardsPanamaCanalScale":[-5.0,13.75,94.25],"ForwardPanamaCanalScale":[256.75,248.75,172.00],"DataMappingMode":0}
{"Date":"2022-05-31T00:00:00","BackwardsRatioScale":[1.0005423973964924968360151871,0.9990964943982652692446693169,1.0],"BackwardsPanamaCanalScale":[2.25,-3.75,0.0],"ForwardPanamaCanalScale":[239.75,238.75,216.75],"DataMappingMode":1}
{"Date":"2022-06-14T00:00:00","BackwardsRatioScale":[1.0008651670437907626780247571,1.0039231331870470111044617328,1.0001324678765399390647767916],"BackwardsPanamaCanalScale":[3.25,14.75,0.5],"ForwardPanamaCanalScale":[245.00,172.25,119.00],"DataMappingMode":2}
{"Date":"2022-06-14T00:00:00","BackwardsRatioScale":[1.0008651670437907626780247571,1.0039231331870470111044617328,1.0001324678765399390647767916],"BackwardsPanamaCanalScale":[3.25,14.75,0.5],"ForwardPanamaCanalScale":[243.50,177.25,133.00],"DataMappingMode":3}
{"Date":"2022-06-16T00:00:00","BackwardsRatioScale":[1.0009526401741970604246053348,1.0029911624745071380013596193,1.0234512674528941304053138132],"BackwardsPanamaCanalScale":[3.5,11.0,86.5],"ForwardPanamaCanalScale":[253.25,237.75,85.50],"DataMappingMode":0}
{"Date":"2022-08-31T00:00:00","BackwardsRatioScale":[1.0,1.0,1.0],"BackwardsPanamaCanalScale":[0.0,0.0,0.0],"ForwardPanamaCanalScale":[239.75,238.75,216.75],"DataMappingMode":1}
{"Date":"2022-09-15T00:00:00","BackwardsRatioScale":[1.0,1.0,1.0],"BackwardsPanamaCanalScale":[0.0,0.0,0.0],"ForwardPanamaCanalScale":[253.25,237.75,85.50],"DataMappingMode":0}
{"Date":"2022-11-30T00:00:00","BackwardsRatioScale":[1.0,1.0,1.0],"BackwardsPanamaCanalScale":[0.0,0.0,0.0],"ForwardPanamaCanalScale":[239.75,238.75,216.75],"DataMappingMode":1}
{"Date":"2022-12-15T00:00:00","BackwardsRatioScale":[1.0,1.0,1.0],"BackwardsPanamaCanalScale":[0.0,0.0,0.0],"ForwardPanamaCanalScale":[253.25,237.75,85.50],"DataMappingMode":0}
{"Date":"2023-02-28T00:00:00","BackwardsRatioScale":[1.0,1.0,1.0],"BackwardsPanamaCanalScale":[0.0,0.0,0.0],"ForwardPanamaCanalScale":[239.75,238.75,216.75],"DataMappingMode":1}
{"Date":"2023-03-16T00:00:00","BackwardsRatioScale":[1.0,1.0,1.0],"BackwardsPanamaCanalScale":[0.0,0.0,0.0],"ForwardPanamaCanalScale":[253.25,237.75,85.50],"DataMappingMode":0}
{"Date":"2023-05-31T00:00:00","BackwardsRatioScale":[1.0,1.0,1.0],"BackwardsPanamaCanalScale":[0.0,0.0,0.0],"ForwardPanamaCanalScale":[239.75,238.75,216.75],"DataMappingMode":1}
{"Date":"2023-06-15T00:00:00","BackwardsRatioScale":[1.0,1.0,1.0],"BackwardsPanamaCanalScale":[0.0,0.0,0.0],"ForwardPanamaCanalScale":[253.25,237.75,85.50],"DataMappingMode":0}
{"Date":"2050-12-31T00:00:00","BackwardsRatioScale":[1.0,1.0,1.0],"BackwardsPanamaCanalScale":[0.0,0.0,0.0],"ForwardPanamaCanalScale":[245.00,172.25,119.00],"DataMappingMode":2}
{"Date":"2050-12-31T00:00:00","BackwardsRatioScale":[1.0,1.0,1.0],"BackwardsPanamaCanalScale":[0.0,0.0,0.0],"ForwardPanamaCanalScale":[243.50,177.25,133.00],"DataMappingMode":3}