[{"Country":"United States","Category":"Interest Rate","DateTime":"2018-01-31T00:00:00","Value":1.5,"Frequency":"Daily","LastUpdate":"2018-01-31T19:00:00","HistoricalDataSymbol":"FDTR","DataType":0,"IsFillForward":false,"Time":"0001-01-01T00:00:00","Symbol":{"Value":"","ID":" ","Permtick":""},"Price":1.5},{"Country":"United States","Category":"Interest Rate","DateTime":"2018-02-28T00:00:00","Value":1.5,"Frequency":"Daily","LastUpdate":"2018-03-05T12:51:00","HistoricalDataSymbol":"FDTR","DataType":0,"IsFillForward":false,"Time":"0001-01-01T00:00:00","Symbol":{"Value":"","ID":" ","Permtick":""},"Price":1.5},{"Country":"United States","Category":"Interest Rate","DateTime":"2018-03-21T00:00:00","Value":1.75,"Frequency":"Daily","LastUpdate":"2018-03-21T18:00:00","HistoricalDataSymbol":"FDTR","DataType":0,"IsFillForward":false,"Time":"0001-01-01T00:00:00","Symbol":{"Value":"","ID":" ","Permtick":""},"Price":1.75},{"Country":"United States","Category":"Interest Rate","DateTime":"2018-04-30T00:00:00","Value":1.75,"Frequency":"Daily","LastUpdate":"2018-05-02T18:00:00","HistoricalDataSymbol":"FDTR","DataType":0,"IsFillForward":false,"Time":"0001-01-01T00:00:00","Symbol":{"Value":"","ID":" ","Permtick":""},"Price":1.75},{"Country":"United States","Category":"Interest Rate","DateTime":"2018-05-02T00:00:00","Value":1.75,"Frequency":"Daily","LastUpdate":"2018-05-02T18:00:00","HistoricalDataSymbol":"FDTR","DataType":0,"IsFillForward":false,"Time":"0001-01-01T00:00:00","Symbol":{"Value":"","ID":" ","Permtick":""},"Price":1.75},{"Country":"United States","Category":"Interest Rate","DateTime":"2018-06-13T00:00:00","Value":2.0,"Frequency":"Daily","LastUpdate":"2018-06-13T18:00:00","HistoricalDataSymbol":"FDTR","DataType":0,"IsFillForward":false,"Time":"0001-01-01T00:00:00","Symbol":{"Value":"","ID":" ","Permtick":""},"Price":2.0},{"Country":"United States","Category":"Interest Rate","DateTime":"2018-07-31T00:00:00","Value":2.0,"Frequency":"Daily","LastUpdate":"2018-08-01T10:45:00","HistoricalDataSymbol":"FDTR","DataType":0,"IsFillForward":false,"Time":"0001-01-01T00:00:00","Symbol":{"Value":"","ID":" ","Permtick":""},"Price":2.0},{"Country":"United States","Category":"Interest Rate","DateTime":"2018-08-01T00:00:00","Value":2.0,"Frequency":"Daily","LastUpdate":"2018-08-01T18:00:00","HistoricalDataSymbol":"FDTR","DataType":0,"IsFillForward":false,"Time":"0001-01-01T00:00:00","Symbol":{"Value":"","ID":" ","Permtick":""},"Price":2.0},{"Country":"United States","Category":"Interest Rate","DateTime":"2018-09-26T00:00:00","Value":2.25,"Frequency":"Daily","LastUpdate":"2018-09-26T18:01:00","HistoricalDataSymbol":"FDTR","DataType":0,"IsFillForward":false,"Time":"0001-01-01T00:00:00","Symbol":{"Value":"","ID":" ","Permtick":""},"Price":2.25},{"Country":"United States","Category":"Interest Rate","DateTime":"2018-10-31T00:00:00","Value":2.25,"Frequency":"Daily","LastUpdate":"2018-11-01T15:27:00","HistoricalDataSymbol":"FDTR","DataType":0,"IsFillForward":false,"Time":"0001-01-01T00:00:00","Symbol":{"Value":"","ID":" ","Permtick":""},"Price":2.25},{"Country":"United States","Category":"Interest Rate","DateTime":"2018-11-08T00:00:00","Value":2.25,"Frequency":"Daily","LastUpdate":"2018-11-08T19:01:00","HistoricalDataSymbol":"FDTR","DataType":0,"IsFillForward":false,"Time":"0001-01-01T00:00:00","Symbol":{"Value":"","ID":" ","Permtick":""},"Price":2.25},{"Country":"United States","Category":"Interest Rate","DateTime":"2018-12-19T00:00:00","Value":2.5,"Frequency":"Daily","LastUpdate":"2018-12-19T19:00:00","HistoricalDataSymbol":"FDTR","DataType":0,"IsFillForward":false,"Time":"0001-01-01T00:00:00","Symbol":{"Value":"","ID":" ","Permtick":""},"Price":2.5}]