[{"ACCESSION-NUMBER":"0000320193-19-000026","TYPE":"8-K","PUBLIC-DOCUMENT-COUNT":"2","PERIOD":"20190205 00:00:00","ITEMS":["5.02"],"FILING-DATE":"20190206 00:00:00","DATE-OF-FILING-CHANGE":"00010101 00:00:00","MADE-AVAILABLE-AT":"2019-02-06T08:00:34","FILER":[{"COMPANY-DATA":{"CONFORMED-NAME":"APPLE INC","CIK":"0000320193","ASSIGNED-SIC":"3571","IRS-NUMBER":"942404110","STATE-OF-INCORPORATION":"CA","FISCAL-YEAR-END":"0930"},"FILING-VALUES":[{"FORM-TYPE":"8-K","ACT":"34","FILE-NUMBER":"001-36743","FILM-NUMBER":"19569878"}],"BUSINESS-ADDRESS":[{"STREET1":"ONE APPLE PARK WAY","STREET2":null,"CITY":"CUPERTINO","STATE":"CA","ZIP":"95014","PHONE":"(408) 996-1010"}],"MAIL-ADDRESS":[{"STREET1":"ONE APPLE PARK WAY","STREET2":null,"CITY":"CUPERTINO","STATE":"CA","ZIP":"95014"}],"FORMER-COMPANY":[{"FORMER-CONFORMED-NAME":"APPLE COMPUTER INC","DATE-CHANGED":"19970808 00:00:00"}]}],"DOCUMENT":[{"TYPE":"8-K","SEQUENCE":1,"FILENAME":"a8-kfebruary2019252019.htm","DESCRIPTION":"8-K","TEXT":"\r\n<!DOCTYPE html PUBLIC \"-//W3C//DTD HTML 4.01 Transitional//EN\" \"http://www.w3.org/TR/html4/loose.dtd\">\r\n<html>\r\n\t<head>\r\n\t\t<!-- Document created using Wdesk 1 -->\r\n\t\t<!-- Copyright 2019 Workiva -->\r\n\t\t<title>Document</title>\r\n\t</head>\r\n\t<body style=\"font-family:Times New Roman;font-size:10pt;\">\r\n<div><a name=\"s8BF3EFEB5BEF5EE8B88D1486AEB6C62E\"></a></div><div><div style=\"line-height:120%;font-size:10pt;\"><font style=\"font-family:inherit;font-size:10pt;\"><br></font></div></div><div><br></div><div style=\"line-height:120%;padding-top:16px;text-align:center;font-size:10pt;\"><div style=\"padding-left:0px;text-indent:0px;line-height:normal;padding-top:10px;\"><table cellpadding=\"0\" cellspacing=\"0\" style=\"font-family:Times New Roman;font-size:10pt;margin-left:auto;margin-right:auto;width:100%;border-collapse:collapse;text-align:left;\"><tr><td colspan=\"1\"></td></tr><tr><td style=\"width:100%;\"></td></tr><tr><td style=\"vertical-align:bottom;border-bottom:1px solid #000000;padding-left:2px;padding-top:2px;padding-bottom:2px;padding-right:2px;border-top:1px solid #000000;\"><div style=\"overflow:hidden;height:5px;font-size:10pt;\"><font style=\"font-family:inherit;font-size:10pt;\">&#160;</font></div></td></tr></table></div></div><div style=\"line-height:120%;padding-top:8px;text-align:center;font-size:14pt;\"><font style=\"font-family:Helvetica,sans-serif;font-size:14pt;font-weight:bold;\">UNITED STATES</font></div><div style=\"line-height:120%;text-align:center;font-size:14pt;\"><font style=\"font-family:Helvetica,sans-serif;font-size:14pt;font-weight:bold;\">SECURITIES AND EXCHANGE COMMISSION</font></div><div style=\"line-height:120%;text-align:center;font-size:11pt;\"><font style=\"font-family:Helvetica,sans-serif;font-size:11pt;font-weight:bold;\">Washington, D.C. 20549</font></div><div style=\"line-height:120%;text-align:center;font-size:10pt;\"><div style=\"padding-left:0px;text-indent:0px;line-height:normal;padding-top:10px;\"><table cellpadding=\"0\" cellspacing=\"0\" style=\"font-family:Times New Roman;font-size:10pt;margin-left:auto;margin-right:auto;width:19.53125%;border-collapse:collapse;text-align:left;\"><tr><td colspan=\"1\"></td></tr><tr><td style=\"width:100%;\"></td></tr><tr><td style=\"vertical-align:bottom;border-bottom:1px solid #000000;padding-left:2px;padding-top:2px;padding-bottom:2px;padding-right:2px;\"><div style=\"overflow:hidden;height:5px;font-size:10pt;\"><font style=\"font-family:inherit;font-size:10pt;\">&#160;</font></div></td></tr></table></div></div><div style=\"line-height:120%;padding-top:16px;text-align:center;font-size:17pt;\"><font style=\"font-family:Helvetica,sans-serif;font-size:17pt;font-weight:bold;\">FORM 8-K</font></div><div style=\"line-height:120%;padding-top:16px;text-align:center;font-size:13pt;\"><font style=\"font-family:Helvetica,sans-serif;font-size:13pt;font-weight:bold;\">CURRENT REPORT</font></div><div style=\"line-height:120%;text-align:center;font-size:13pt;\"><font style=\"font-family:Helvetica,sans-serif;font-size:13pt;font-weight:bold;\">Pursuant to Section 13 OR 15(d) of The Securities Exchange Act of 1934</font></div><div style=\"line-height:120%;padding-top:16px;text-align:center;font-size:11pt;\"><font style=\"font-family:Helvetica,sans-serif;font-size:11pt;font-weight:bold;\">February&#160;5, 2019</font></div><div style=\"line-height:120%;text-align:center;font-size:8pt;\"><font style=\"font-family:Helvetica,sans-serif;font-size:8pt;\">Date of Report (Date of earliest event reported)</font></div><div style=\"line-height:120%;text-align:center;font-size:10pt;\"><div style=\"padding-left:0px;text-indent:0px;line-height:normal;padding-top:10px;\"><table cellpadding=\"0\" cellspacing=\"0\" style=\"font-family:Times New Roman;font-size:10pt;margin-left:auto;margin-right:auto;width:19.53125%;border-collapse:collapse;text-align:left;\"><tr><td colspan=\"1\"></td></tr><tr><td style=\"width:100%;\"></td></tr><tr><td style=\"vertical-align:bottom;border-bottom:1px solid #000000;padding-left:2px;padding-top:2px;padding-bottom:2px;padding-right:2px;\"><div style=\"overflow:hidden;height:5px;font-size:10pt;\"><font style=\"font-family:inherit;font-size:10pt;\">&#160;</font></div></td></tr></table></div></div><div style=\"line-height:120%;padding-top:8px;text-align:center;\"><img src=\"g325078g0426062022046a18.jpg\" alt=\"g325078g0426062022046a18.jpg\" style=\"height:48px;width:69px;\"></div><div style=\"line-height:120%;padding-bottom:4px;text-align:center;font-size:21pt;\"><font style=\"font-family:Helvetica,sans-serif;font-size:21pt;font-weight:bold;\">Apple Inc.</font></div><div style=\"line-height:120%;padding-top:2px;text-align:center;font-size:8pt;\"><font style=\"font-family:Helvetica,sans-serif;font-size:8pt;\">(Exact name of Registrant as specified in its charter)</font></div><div style=\"line-height:120%;padding-top:2px;text-align:center;font-size:8pt;\"><font style=\"font-family:Helvetica,sans-serif;font-size:8pt;\"><br></font></div><div style=\"line-height:120%;text-align:center;font-size:9pt;\"><div style=\"padding-left:0px;text-indent:0px;line-height:normal;padding-top:10px;\"><table cellpadding=\"0\" cellspacing=\"0\" style=\"font-family:Times New Roman;font-size:10pt;margin-left:auto;margin-right:auto;width:100%;border-collapse:collapse;text-align:left;\"><tr><td colspan=\"5\"></td></tr><tr><td style=\"width:27%;\"></td><td style=\"width:9%;\"></td><td style=\"width:27%;\"></td><td style=\"width:9%;\"></td><td style=\"width:28%;\"></td></tr><tr><td style=\"vertical-align:top;padding-left:2px;padding-top:2px;padding-bottom:2px;padding-right:2px;\"><div style=\"text-align:center;font-size:9pt;\"><font style=\"font-family:Helvetica,sans-serif;font-size:9pt;font-weight:bold;\">California</font></div></td><td style=\"vertical-align:bottom;padding-left:2px;padding-top:2px;padding-bottom:2px;padding-right:2px;\"><div style=\"text-align:center;font-size:9pt;\"><font style=\"font-family:Helvetica,sans-serif;font-size:9pt;\">&#160;</font></div></td><td style=\"vertical-align:top;padding-left:2px;padding-top:2px;padding-bottom:2px;padding-right:2px;\"><div style=\"text-align:center;font-size:9pt;\"><font style=\"font-family:Helvetica,sans-serif;font-size:9pt;font-weight:bold;\">001-36743</font></div></td><td style=\"vertical-align:bottom;padding-left:2px;padding-top:2px;padding-bottom:2px;padding-right:2px;\"><div style=\"text-align:center;font-size:9pt;\"><font style=\"font-family:Helvetica,sans-serif;font-size:9pt;\">&#160;</font></div></td><td style=\"vertical-align:top;padding-left:2px;padding-top:2px;padding-bottom:2px;padding-right:2px;\"><div style=\"text-align:center;font-size:9pt;\"><font style=\"font-family:Helvetica,sans-serif;font-size:9pt;font-weight:bold;\">94-2404110</font></div></td></tr><tr><td style=\"vertical-align:bottom;padding-left:2px;padding-top:2px;padding-bottom:2px;padding-right:2px;\"><div style=\"text-align:center;font-size:8pt;\"><font style=\"font-family:Helvetica,sans-serif;font-size:8pt;\">(State or other jurisdiction</font></div><div style=\"text-align:center;font-size:8pt;\"><font style=\"font-family:Helvetica,sans-serif;font-size:8pt;\">of incorporation)</font></div></td><td style=\"vertical-align:bottom;padding-left:2px;padding-top:2px;padding-bottom:2px;padding-right:2px;\"><div style=\"text-align:center;font-size:8pt;\"><font style=\"font-family:Helvetica,sans-serif;font-size:8pt;\">&#160;</font></div></td><td style=\"vertical-align:bottom;padding-left:2px;padding-top:2px;padding-bottom:2px;padding-right:2px;\"><div style=\"text-align:center;font-size:8pt;\"><font style=\"font-family:Helvetica,sans-serif;font-size:8pt;\">(Commission</font></div><div style=\"text-align:center;font-size:8pt;\"><font style=\"font-family:Helvetica,sans-serif;font-size:8pt;\">File Number)</font></div></td><td style=\"vertical-align:bottom;padding-left:2px;padding-top:2px;padding-bottom:2px;padding-right:2px;\"><div style=\"text-align:center;font-size:8pt;\"><font style=\"font-family:Helvetica,sans-serif;font-size:8pt;\">&#160;</font></div></td><td style=\"vertical-align:bottom;padding-left:2px;padding-top:2px;padding-bottom:2px;padding-right:2px;\"><div style=\"text-align:center;font-size:8pt;\"><font style=\"font-family:Helvetica,sans-serif;font-size:8pt;\">(I.R.S. Employer</font></div><div style=\"text-align:center;font-size:8pt;\"><font style=\"font-family:Helvetica,sans-serif;font-size:8pt;\">Identification No.)</font></div></td></tr></table></div></div><div style=\"line-height:120%;padding-top:16px;text-align:center;font-size:9pt;\"><font style=\"font-family:Helvetica,sans-serif;font-size:9pt;font-weight:bold;\">One Apple Park Way</font></div><div style=\"line-height:120%;text-align:center;font-size:9pt;\"><font style=\"font-family:Helvetica,sans-serif;font-size:9pt;font-weight:bold;\">Cupertino, California 95014</font></div><div style=\"line-height:120%;text-align:center;font-size:8pt;\"><font style=\"font-family:Helvetica,sans-serif;font-size:8pt;\">(Address of principal executive offices) (Zip Code)</font></div><div style=\"line-height:120%;padding-top:12px;text-align:center;font-size:9pt;\"><font style=\"font-family:Helvetica,sans-serif;font-size:9pt;font-weight:bold;\">(408) 996-1010</font></div><div style=\"line-height:120%;text-align:center;font-size:8pt;\"><font style=\"font-family:Helvetica,sans-serif;font-size:8pt;\">(Registrant&#8217;s telephone number, including area code)</font></div><div style=\"line-height:120%;padding-top:12px;text-align:center;font-size:9pt;\"><font style=\"font-family:Helvetica,sans-serif;font-size:9pt;font-weight:bold;\">Not applicable</font></div><div style=\"line-height:120%;text-align:center;font-size:8pt;\"><font style=\"font-family:Helvetica,sans-serif;font-size:8pt;\">(Former name or former address, if changed since last report.)</font></div><div style=\"line-height:120%;padding-top:24px;text-align:justify;font-size:9pt;\"><font style=\"font-family:Helvetica,sans-serif;font-size:9pt;\">Check the appropriate box below if the Form 8-K filing is intended to simultaneously satisfy the filing obligation of the Registrant under any of the following provisions:</font></div><div style=\"line-height:120%;font-size:11pt;\"><div style=\"padding-left:0px;text-indent:0px;line-height:normal;padding-top:10px;\"><table cellpadding=\"0\" cellspacing=\"0\" style=\"font-family:Times New Roman;font-size:10pt;width:100%;border-collapse:collapse;text-align:left;\"><tr><td colspan=\"2\"></td></tr><tr><td style=\"width:5%;\"></td><td style=\"width:95%;\"></td></tr><tr><td style=\"vertical-align:bottom;padding-left:2px;padding-top:2px;padding-bottom:2px;padding-right:2px;\"><div style=\"text-align:justify;font-size:11pt;\"><font style=\"font-family:Helvetica,sans-serif;font-size:11pt;\">&#9744;</font></div></td><td style=\"vertical-align:top;padding-left:2px;padding-top:2px;padding-bottom:2px;padding-right:2px;\"><div style=\"text-align:left;padding-left:12px;text-indent:-12px;font-size:9pt;\"><font style=\"font-family:Helvetica,sans-serif;font-size:9pt;\">Written communications pursuant to Rule 425 under the Securities Act (17 CFR 230.425)</font></div></td></tr></table></div></div><div style=\"line-height:120%;padding-top:8px;font-size:11pt;\"><div style=\"padding-left:0px;text-indent:0px;line-height:normal;padding-top:10px;\"><table cellpadding=\"0\" cellspacing=\"0\" style=\"font-family:Times New Roman;font-size:10pt;width:100%;border-collapse:collapse;text-align:left;\"><tr><td colspan=\"2\"></td></tr><tr><td style=\"width:5%;\"></td><td style=\"width:95%;\"></td></tr><tr><td style=\"vertical-align:bottom;padding-left:2px;padding-top:2px;padding-bottom:2px;padding-right:2px;\"><div style=\"text-align:justify;font-size:11pt;\"><font style=\"font-family:Helvetica,sans-serif;font-size:11pt;\">&#9744;</font></div></td><td style=\"vertical-align:top;padding-left:2px;padding-top:2px;padding-bottom:2px;padding-right:2px;\"><div style=\"text-align:left;padding-left:12px;text-indent:-12px;font-size:9pt;\"><font style=\"font-family:Helvetica,sans-serif;font-size:9pt;\">Soliciting material pursuant to Rule 14a-12 under the Exchange Act (17 CFR 240.14a-12)</font></div></td></tr></table></div></div><div style=\"line-height:120%;padding-top:8px;font-size:11pt;\"><div style=\"padding-left:0px;text-indent:0px;line-height:normal;padding-top:10px;\"><table cellpadding=\"0\" cellspacing=\"0\" style=\"font-family:Times New Roman;font-size:10pt;width:100%;border-collapse:collapse;text-align:left;\"><tr><td colspan=\"2\"></td></tr><tr><td style=\"width:5%;\"></td><td style=\"width:95%;\"></td></tr><tr><td style=\"vertical-align:bottom;padding-left:2px;padding-top:2px;padding-bottom:2px;padding-right:2px;\"><div style=\"text-align:justify;font-size:11pt;\"><font style=\"font-family:Helvetica,sans-serif;font-size:11pt;\">&#9744;</font></div></td><td style=\"vertical-align:top;padding-left:2px;padding-top:2px;padding-bottom:2px;padding-right:2px;\"><div style=\"text-align:left;padding-left:12px;text-indent:-12px;font-size:9pt;\"><font style=\"font-family:Helvetica,sans-serif;font-size:9pt;\">Pre-commencement communications pursuant to Rule 14d-2(b) under the Exchange Act (17 CFR 240.14d-2(b))</font></div></td></tr></table></div></div><div style=\"line-height:120%;padding-top:8px;font-size:11pt;\"><div style=\"padding-left:0px;text-indent:0px;line-height:normal;padding-top:10px;\"><table cellpadding=\"0\" cellspacing=\"0\" style=\"font-family:Times New Roman;font-size:10pt;width:100%;border-collapse:collapse;text-align:left;\"><tr><td colspan=\"2\"></td></tr><tr><td style=\"width:5%;\"></td><td style=\"width:95%;\"></td></tr><tr><td style=\"vertical-align:bottom;padding-left:2px;padding-top:2px;padding-bottom:2px;padding-right:2px;\"><div style=\"text-align:justify;font-size:11pt;\"><font style=\"font-family:Helvetica,sans-serif;font-size:11pt;\">&#9744;</font></div></td><td style=\"vertical-align:top;padding-left:2px;padding-top:2px;padding-bottom:2px;padding-right:2px;\"><div style=\"text-align:left;padding-left:12px;text-indent:-12px;font-size:9pt;\"><font style=\"font-family:Helvetica,sans-serif;font-size:9pt;\">Pre-commencement communications pursuant to Rule 13e-4(c) under the Exchange Act (17 CFR 240.13e-4(c))</font></div></td></tr></table></div></div><div style=\"line-height:120%;padding-top:14px;text-align:justify;font-size:9pt;\"><font style=\"font-family:Helvetica,sans-serif;font-size:9pt;\">Indicate by check mark whether the Registrant is an emerging growth company as defined in Rule 405 of the Securities Act of 1933 (&#167;230.405 of this chapter) or Rule 12b-2 of the Securities Exchange Act of 1934 (&#167;240.12b-2 of this chapter).</font></div><div style=\"line-height:120%;padding-top:10px;font-size:11pt;\"><font style=\"font-family:Helvetica,sans-serif;font-size:9pt;\">Emerging growth company        </font><font style=\"font-family:Helvetica,sans-serif;font-size:11pt;\">&#9744;</font></div><div style=\"line-height:100%;padding-top:14px;text-align:justify;font-size:11pt;\"><font style=\"font-family:Helvetica,sans-serif;font-size:9pt;\">If an emerging growth company, indicate by check mark if the Registrant has elected not to use the extended transition period for complying with any new or revised financial accounting standards provided pursuant to Section 13(a) of the Exchange Act.</font><font style=\"font-family:Helvetica,sans-serif;font-size:9pt;color:#333333;\">&#32;&#32;&#32;&#32;&#32;&#32;&#32;&#32;</font><font style=\"font-family:Helvetica,sans-serif;font-size:11pt;\">&#9744;</font></div><div style=\"line-height:120%;padding-top:16px;text-align:center;font-size:10pt;\"><div style=\"padding-left:0px;text-indent:0px;line-height:normal;padding-top:10px;\"><table cellpadding=\"0\" cellspacing=\"0\" style=\"font-family:Times New Roman;font-size:10pt;margin-left:auto;margin-right:auto;width:100%;border-collapse:collapse;text-align:left;\"><tr><td colspan=\"1\"></td></tr><tr><td style=\"width:100%;\"></td></tr><tr><td style=\"vertical-align:bottom;border-bottom:1px solid #000000;padding-left:2px;padding-top:2px;padding-bottom:2px;padding-right:2px;border-top:1px solid #000000;\"><div style=\"overflow:hidden;height:5px;font-size:10pt;\"><font style=\"font-family:inherit;font-size:10pt;\">&#160;</font></div></td></tr></table></div></div><div><br></div><div style=\"text-align:center;\"><div style=\"line-height:120%;font-size:10pt;\"><font style=\"font-family:inherit;font-size:10pt;\"><br></font></div></div><hr style=\"page-break-after:always\"><div><a name=\"sABE1539CC0215CD49B725B5C97FA201A\"></a></div><div><div style=\"line-height:120%;font-size:10pt;\"><font style=\"font-family:inherit;font-size:10pt;\"><br></font></div></div><div><br></div><div style=\"line-height:120%;padding-top:16px;font-size:9pt;\"><font style=\"font-family:Helvetica,sans-serif;font-size:9pt;font-weight:bold;\">Item 5.02&#160;&#160;&#160;&#160;Departure of Directors or Certain Officers; Election of Directors; Appointment of Certain Officers; Compensatory Arrangements of Certain Officers.</font></div><div style=\"line-height:120%;padding-top:16px;text-align:justify;font-size:9pt;\"><font style=\"font-family:Helvetica,sans-serif;font-size:9pt;\">(b)</font></div><div style=\"line-height:120%;text-align:left;font-size:9pt;\"><font style=\"font-family:Helvetica,sans-serif;font-size:9pt;\"><br></font></div><div style=\"line-height:120%;text-align:left;font-size:9pt;\"><font style=\"font-family:Helvetica,sans-serif;font-size:9pt;\">On February 5, 2019, Apple Inc. announced that Angela Ahrendts, Senior Vice President, Retail, would depart Apple, effective April 15, 2019. Ms. Ahrendts is succeeded by Deirdre O&#8217;Brien, who assumed the role of Senior Vice President, Retail + People, effective February 5, 2019.</font></div><div><br></div><div style=\"text-align:center;\"><div style=\"line-height:120%;font-size:10pt;\"><font style=\"font-family:inherit;font-size:10pt;\"><br></font></div></div><hr style=\"page-break-after:always\"><div><a name=\"s1A4AB7ABE83F59CFB76D419A0B83C255\"></a></div><div><div style=\"line-height:120%;font-size:10pt;\"><font style=\"font-family:inherit;font-size:10pt;\"><br></font></div></div><div><br></div><div style=\"line-height:120%;text-align:center;font-size:9pt;\"><font style=\"font-family:Helvetica,sans-serif;font-size:9pt;font-weight:bold;\">SIGNATURE</font></div><div style=\"line-height:120%;padding-top:16px;text-align:justify;font-size:9pt;\"><font style=\"font-family:Helvetica,sans-serif;font-size:9pt;\">Pursuant to the requirements of the Securities Exchange Act of 1934, the Registrant has duly caused this report to be signed on its behalf by the undersigned hereunto duly authorized.</font></div><div style=\"line-height:120%;font-size:12pt;\"><font style=\"font-family:Helvetica,sans-serif;font-size:12pt;\"><br></font></div><div style=\"line-height:120%;font-size:10pt;\"><div style=\"padding-left:0px;text-indent:0px;line-height:normal;padding-top:10px;\"><table cellpadding=\"0\" cellspacing=\"0\" style=\"font-family:Times New Roman;font-size:10pt;width:100%;border-collapse:collapse;text-align:left;\"><tr><td colspan=\"6\"></td></tr><tr><td style=\"width:6%;\"></td><td style=\"width:21%;\"></td><td style=\"width:27%;\"></td><td style=\"width:4%;\"></td><td style=\"width:2%;\"></td><td style=\"width:40%;\"></td></tr><tr><td style=\"vertical-align:top;padding-left:2px;padding-top:2px;padding-bottom:2px;padding-right:2px;\"><div style=\"text-align:left;font-size:9pt;\"><font style=\"font-family:Helvetica,sans-serif;font-size:9pt;\">Date:</font></div></td><td style=\"vertical-align:bottom;padding-left:2px;padding-top:2px;padding-bottom:2px;padding-right:2px;\"><div style=\"text-align:left;font-size:9pt;\"><font style=\"font-family:Helvetica,sans-serif;font-size:9pt;\">February 6, 2019</font></div></td><td style=\"vertical-align:bottom;padding-left:2px;padding-top:2px;padding-bottom:2px;padding-right:2px;\"><div style=\"overflow:hidden;font-size:10pt;\"><font style=\"font-family:inherit;font-size:10pt;\">&#160;</font></div></td><td colspan=\"3\" style=\"vertical-align:top;padding-left:2px;padding-top:2px;padding-bottom:2px;padding-right:2px;\"><div style=\"text-align:left;font-size:9pt;\"><font style=\"font-family:Helvetica,sans-serif;font-size:9pt;\">Apple Inc.</font></div></td></tr><tr><td style=\"vertical-align:bottom;padding-left:2px;padding-top:2px;padding-bottom:2px;padding-right:2px;\"><div style=\"overflow:hidden;height:20px;font-size:10pt;\"><font style=\"font-family:inherit;font-size:10pt;\">&#160;</font></div></td><td style=\"vertical-align:bottom;padding-left:2px;padding-top:2px;padding-bottom:2px;padding-right:2px;\"><div style=\"overflow:hidden;height:20px;font-size:10pt;\"><font style=\"font-family:inherit;font-size:10pt;\">&#160;</font></div></td><td style=\"vertical-align:bottom;padding-left:2px;padding-top:2px;padding-bottom:2px;padding-right:2px;\"><div style=\"overflow:hidden;height:20px;font-size:10pt;\"><font style=\"font-family:inherit;font-size:10pt;\">&#160;</font></div></td><td style=\"vertical-align:bottom;padding-left:2px;padding-top:2px;padding-bottom:2px;padding-right:2px;\"><div style=\"overflow:hidden;height:20px;font-size:10pt;\"><font style=\"font-family:inherit;font-size:10pt;\">&#160;</font></div></td><td style=\"vertical-align:bottom;padding-left:2px;padding-top:2px;padding-bottom:2px;padding-right:2px;\"><div style=\"overflow:hidden;height:20px;font-size:10pt;\"><font style=\"font-family:inherit;font-size:10pt;\">&#160;</font></div></td><td style=\"vertical-align:bottom;padding-left:2px;padding-top:2px;padding-bottom:2px;padding-right:2px;\"><div style=\"overflow:hidden;height:20px;font-size:10pt;\"><font style=\"font-family:inherit;font-size:10pt;\">&#160;</font></div></td></tr><tr><td style=\"vertical-align:bottom;padding-left:2px;padding-top:2px;padding-bottom:2px;padding-right:2px;\"><div style=\"overflow:hidden;font-size:10pt;\"><font style=\"font-family:inherit;font-size:10pt;\">&#160;</font></div></td><td style=\"vertical-align:bottom;padding-left:2px;padding-top:2px;padding-bottom:2px;padding-right:2px;\"><div style=\"overflow:hidden;font-size:10pt;\"><font style=\"font-family:inherit;font-size:10pt;\">&#160;</font></div></td><td style=\"vertical-align:bottom;padding-left:2px;padding-top:2px;padding-bottom:2px;padding-right:2px;\"><div style=\"overflow:hidden;font-size:10pt;\"><font style=\"font-family:inherit;font-size:10pt;\">&#160;</font></div></td><td style=\"vertical-align:top;padding-left:2px;padding-top:2px;padding-bottom:2px;padding-right:2px;\"><div style=\"text-align:left;font-size:9pt;\"><font style=\"font-family:Helvetica,sans-serif;font-size:9pt;\">By:</font></div></td><td style=\"vertical-align:bottom;border-bottom:1px solid #000000;padding-left:2px;padding-top:2px;padding-bottom:2px;padding-right:2px;\"><div style=\"overflow:hidden;font-size:10pt;\"><font style=\"font-family:inherit;font-size:10pt;\">&#160;</font></div></td><td style=\"vertical-align:top;border-bottom:1px solid #000000;padding-left:2px;padding-top:2px;padding-bottom:2px;padding-right:2px;\"><div style=\"text-align:left;font-size:9pt;\"><font style=\"font-family:Helvetica,sans-serif;font-size:9pt;\">/s/ Katherine Adams</font></div></td></tr><tr><td style=\"vertical-align:bottom;padding-left:2px;padding-top:2px;padding-bottom:2px;padding-right:2px;\"><div style=\"overflow:hidden;font-size:10pt;\"><font style=\"font-family:inherit;font-size:10pt;\">&#160;</font></div></td><td style=\"vertical-align:bottom;padding-left:2px;padding-top:2px;padding-bottom:2px;padding-right:2px;\"><div style=\"overflow:hidden;font-size:10pt;\"><font style=\"font-family:inherit;font-size:10pt;\">&#160;</font></div></td><td style=\"vertical-align:bottom;padding-left:2px;padding-top:2px;padding-bottom:2px;padding-right:2px;\"><div style=\"overflow:hidden;font-size:10pt;\"><font style=\"font-family:inherit;font-size:10pt;\">&#160;</font></div></td><td style=\"vertical-align:bottom;padding-left:2px;padding-top:2px;padding-bottom:2px;padding-right:2px;\"><div style=\"overflow:hidden;font-size:10pt;\"><font style=\"font-family:inherit;font-size:10pt;\">&#160;</font></div></td><td style=\"vertical-align:bottom;padding-left:2px;padding-top:2px;padding-bottom:2px;padding-right:2px;\"><div style=\"overflow:hidden;font-size:10pt;\"><font style=\"font-family:inherit;font-size:10pt;\">&#160;</font></div></td><td style=\"vertical-align:bottom;padding-left:2px;padding-top:2px;padding-bottom:2px;padding-right:2px;\"><div style=\"text-align:left;font-size:9pt;\"><font style=\"font-family:Helvetica,sans-serif;font-size:9pt;\">Katherine Adams</font></div></td></tr><tr><td style=\"vertical-align:bottom;padding-left:2px;padding-top:2px;padding-bottom:2px;padding-right:2px;\"><div style=\"overflow:hidden;font-size:10pt;\"><font style=\"font-family:inherit;font-size:10pt;\">&#160;</font></div></td><td style=\"vertical-align:bottom;padding-left:2px;padding-top:2px;padding-bottom:2px;padding-right:2px;\"><div style=\"overflow:hidden;font-size:10pt;\"><font style=\"font-family:inherit;font-size:10pt;\">&#160;</font></div></td><td style=\"vertical-align:bottom;padding-left:2px;padding-top:2px;padding-bottom:2px;padding-right:2px;\"><div style=\"overflow:hidden;font-size:10pt;\"><font style=\"font-family:inherit;font-size:10pt;\">&#160;</font></div></td><td style=\"vertical-align:bottom;padding-left:2px;padding-top:2px;padding-bottom:2px;padding-right:2px;\"><div style=\"overflow:hidden;font-size:10pt;\"><font style=\"font-family:inherit;font-size:10pt;\">&#160;</font></div></td><td style=\"vertical-align:bottom;padding-left:2px;padding-top:2px;padding-bottom:2px;padding-right:2px;\"><div style=\"overflow:hidden;font-size:10pt;\"><font style=\"font-family:inherit;font-size:10pt;\">&#160;</font></div></td><td style=\"vertical-align:bottom;padding-left:2px;padding-top:2px;padding-bottom:2px;padding-right:2px;\"><div style=\"font-size:9pt;\"><font style=\"font-family:Helvetica,sans-serif;font-size:9pt;\">Senior Vice President,<br>General Counsel and </font></div><div style=\"font-size:9pt;\"><font style=\"font-family:Helvetica,sans-serif;font-size:9pt;\">Secretary</font></div></td></tr></table></div></div><div><br></div><div style=\"text-align:center;\"><div style=\"line-height:120%;font-size:10pt;\"><font style=\"font-family:inherit;font-size:10pt;\"><br></font></div></div>\t</body>\r\n</html>\r\n"},{"TYPE":"GRAPHIC","SEQUENCE":2,"FILENAME":"g325078g0426062022046a18.jpg","DESCRIPTION":null,"TEXT":"\r\nbegin 644 g325078g0426062022046a18.jpg\r\nM_]C_X  02D9)1@ ! 0$ 8 !@  #_VP!#  @&!@<&!0@'!P<)\"0@*#!0-# L+\r\nM#!D2$P\\4'1H?'AT:'!P@)\"XG(\"(L(QP<*#<I+# Q-#0T'R<Y/3@R/\"XS-#+_\r\nMVP!# 0D)\"0P+#!@-#1@R(1PA,C(R,C(R,C(R,C(R,C(R,C(R,C(R,C(R,C(R\r\nM,C(R,C(R,C(R,C(R,C(R,C(R,C(R,C+_P  1\"  \\ %8# 2(  A$! Q$!_\\0\r\nM'P   04! 0$! 0$           $\" P0%!@<(\"0H+_\\0 M1   @$# P($ P4%\r\nM! 0   %] 0(#  01!1(A,4$&$U%A!R)Q%#*!D:$((T*QP152T? D,V)R@@D*\r\nM%A<8&1HE)B<H*2HT-38W.#DZ0T1%1D=(24I35%565UA96F-D969G:&EJ<W1U\r\nM=G=X>7J#A(6&AXB)BI*3E)66EYB9FJ*CI*6FIZBIJK*SM+6VM[BYNL+#Q,7&\r\nMQ\\C)RM+3U-76U]C9VN'BX^3EYN?HZ>KQ\\O/T]?;W^/GZ_\\0 'P$  P$! 0$!\r\nM 0$! 0        $\" P0%!@<(\"0H+_\\0 M1$  @$\"! 0#! <%! 0  0)W  $\"\r\nM Q$$!2$Q!A)!40=A<1,B,H$(%$*1H;'!\"2,S4O 58G+1\"A8D-.$E\\1<8&1HF\r\nM)R@I*C4V-S@Y.D-$149'2$E*4U155E=865IC9&5F9VAI:G-T=79W>'EZ@H.$\r\nMA8:'B(F*DI.4E9:7F)F:HJ.DI::GJ*FJLK.TM;:WN+FZPL/$Q<;'R,G*TM/4\r\nMU=;7V-G:XN/DY>;GZ.GJ\\O/T]?;W^/GZ_]H # ,!  (1 Q$ /P#W^BBB@ HH\r\nMHH *P_$_BW1_\"&F_;=7NA$AX1!R[GT [UN5\\J>.K?Q)\\2/BC?6>GV=Q/#:S&\r\nMVA^4B.)5.\"Q/09.30!] >!/'-KX[L+N]L[2:WA@E\\M3+C+\\9SQ75US7@3PG!\r\nMX,\\+6VDQL'E4;YI!_$YZ_A72T %%%% !1110 4444 4=8U:TT+2+K4[Z01VU\r\nMM&7=OZ?4U\\J>,?C'XE\\27LJV5Y+INGY(CAMVVL1ZLPYS7JW[1>I2VO@RPL8V\r\nM*I=W?[S'<(,X_,C\\J^8Z .IT;XC>+=\"N!+::Y=L,Y,<\\AD0_@U:^M_&7QEK4\r\nM/D_V@ME&1\\PLT\\LM]3U_6O/Z* -JT\\7^([&Y%Q;:YJ\"2@YS]H8Y^H)YKZ?\\\r\nMA!XOU[Q9X>>;6[,J8B%CO,;1./IZBOE?0-/&J^(-/L&.%N)TC/T)K[DTZPM]\r\nM+TZWLK6-8X84\"*JC@ 4 6J*** \"BBB@ HHHH \\<_:,T][CP787J#*VMYA_8,\r\nMI&?S KYCK[D\\7:!%XH\\*:CH\\N!]IA*HQ_A<<J?P(%?$=_8W&FW\\]E=QF.X@D\r\nM,<B$<@@XH KT444 6M-OI--U.UOHOOP2K(/P.:^V?\"?B:P\\5Z#;ZC8S*X=!Y\r\nMB \\HW<$5\\.5[C^SMH5_-J][K)EFCL(4\\H(&(65S[=\\#^= 'T=1110 4444 %\r\nM%%% !7C?Q?\\ A-)XED.NZ%&O]I!<3P]/. Z$>]>R44 ?'FC_  >\\9ZO=>4=+\r\nM>T0'#27!\"@?XUOZE^SYXJL[0S6T]I>.!DQ(Q!_#-?4E% 'R%H'P<\\6ZOJR6U\r\nMUILEC;AOWL\\V  .^/6OJCPYX?LO#&A6VE6\"!88%QGNQ[D^YK5HH **** \"BB\r\n$B@#_V0$!\r\n\r\nend\r\n"}]}]