[{"ACCESSION-NUMBER":"0000320193-19-000002","TYPE":"8-K","PUBLIC-DOCUMENT-COUNT":"3","PERIOD":"20190102 00:00:00","ITEMS":["2.02","9.01"],"FILING-DATE":"20190102 00:00:00","DATE-OF-FILING-CHANGE":"00010101 00:00:00","MADE-AVAILABLE-AT":"2019-01-02T16:30:03","FILER":[{"COMPANY-DATA":{"CONFORMED-NAME":"APPLE INC","CIK":"0000320193","ASSIGNED-SIC":"3571","IRS-NUMBER":"942404110","STATE-OF-INCORPORATION":"CA","FISCAL-YEAR-END":"0930"},"FILING-VALUES":[{"FORM-TYPE":"8-K","ACT":"34","FILE-NUMBER":"001-36743","FILM-NUMBER":"19502044"}],"BUSINESS-ADDRESS":[{"STREET1":"ONE APPLE PARK WAY","CITY":"CUPERTINO","STATE":"CA","ZIP":"95014","PHONE":"(408) 996-1010"}],"MAIL-ADDRESS":[{"STREET1":"ONE APPLE PARK WAY","CITY":"CUPERTINO","STATE":"CA","ZIP":"95014"}],"FORMER-COMPANY":[{"FORMER-CONFORMED-NAME":"APPLE COMPUTER INC","DATE-CHANGED":"19970808 00:00:00"}]}],"DOCUMENT":[{"TYPE":"8-K","SEQUENCE":1,"FILENAME":"a8-kjanuary2019122019.htm","DESCRIPTION":"8-K","TEXT":"\r\n<!DOCTYPE html PUBLIC \"-//W3C//DTD HTML 4.01 Transitional//EN\" \"http://www.w3.org/TR/html4/loose.dtd\">\r\n<html>\r\n\t<head>\r\n\t\t<!-- Document created using Wdesk 1 -->\r\n\t\t<!-- Copyright 2019 Workiva -->\r\n\t\t<title>Document</title>\r\n\t</head>\r\n\t<body style=\"font-family:Times New Roman;font-size:10pt;\">\r\n<div><a name=\"sB5F774B534BD541B89B7D8E9D4158762\"></a></div><div><div style=\"line-height:120%;font-size:10pt;\"><font style=\"font-family:inherit;font-size:10pt;\"><br></font></div></div><div><br></div><div style=\"line-height:120%;padding-top:16px;text-align:center;font-size:10pt;\"><div style=\"padding-left:0px;text-indent:0px;line-height:normal;padding-top:10px;\"><table cellpadding=\"0\" cellspacing=\"0\" style=\"font-family:Times New Roman;font-size:10pt;margin-left:auto;margin-right:auto;width:100%;border-collapse:collapse;text-align:left;\"><tr><td colspan=\"1\"></td></tr><tr><td style=\"width:100%;\"></td></tr><tr><td style=\"vertical-align:bottom;border-bottom:1px solid #000000;padding-left:2px;padding-top:2px;padding-bottom:2px;padding-right:2px;border-top:1px solid #000000;\"><div style=\"overflow:hidden;height:5px;font-size:10pt;\"><font style=\"font-family:inherit;font-size:10pt;\">&#160;</font></div></td></tr></table></div></div><div style=\"line-height:120%;padding-top:8px;text-align:center;font-size:14pt;\"><font style=\"font-family:Helvetica,sans-serif;font-size:14pt;font-weight:bold;\">UNITED STATES</font></div><div style=\"line-height:120%;text-align:center;font-size:14pt;\"><font style=\"font-family:Helvetica,sans-serif;font-size:14pt;font-weight:bold;\">SECURITIES AND EXCHANGE COMMISSION</font></div><div style=\"line-height:120%;text-align:center;font-size:11pt;\"><font style=\"font-family:Helvetica,sans-serif;font-size:11pt;font-weight:bold;\">Washington, D.C. 20549</font></div><div style=\"line-height:120%;text-align:center;font-size:10pt;\"><div style=\"padding-left:0px;text-indent:0px;line-height:normal;padding-top:10px;\"><table cellpadding=\"0\" cellspacing=\"0\" style=\"font-family:Times New Roman;font-size:10pt;margin-left:auto;margin-right:auto;width:19.53125%;border-collapse:collapse;text-align:left;\"><tr><td colspan=\"1\"></td></tr><tr><td style=\"width:100%;\"></td></tr><tr><td style=\"vertical-align:bottom;border-bottom:1px solid #000000;padding-left:2px;padding-top:2px;padding-bottom:2px;padding-right:2px;\"><div style=\"overflow:hidden;height:5px;font-size:10pt;\"><font style=\"font-family:inherit;font-size:10pt;\">&#160;</font></div></td></tr></table></div></div><div style=\"line-height:120%;padding-top:16px;text-align:center;font-size:17pt;\"><font style=\"font-family:Helvetica,sans-serif;font-size:17pt;font-weight:bold;\">FORM 8-K</font></div><div style=\"line-height:120%;padding-top:16px;text-align:center;font-size:13pt;\"><font style=\"font-family:Helvetica,sans-serif;font-size:13pt;font-weight:bold;\">CURRENT REPORT</font></div><div style=\"line-height:120%;text-align:center;font-size:13pt;\"><font style=\"font-family:Helvetica,sans-serif;font-size:13pt;font-weight:bold;\">Pursuant to Section 13 OR 15(d) of The Securities Exchange Act of 1934</font></div><div style=\"line-height:120%;padding-top:16px;text-align:center;font-size:11pt;\"><font style=\"font-family:Helvetica,sans-serif;font-size:11pt;font-weight:bold;\">January&#160;2, 2019</font></div><div style=\"line-height:120%;text-align:center;font-size:8pt;\"><font style=\"font-family:Helvetica,sans-serif;font-size:8pt;\">Date of Report (Date of earliest event reported)</font></div><div style=\"line-height:120%;text-align:center;font-size:10pt;\"><div style=\"padding-left:0px;text-indent:0px;line-height:normal;padding-top:10px;\"><table cellpadding=\"0\" cellspacing=\"0\" style=\"font-family:Times New Roman;font-size:10pt;margin-left:auto;margin-right:auto;width:19.53125%;border-collapse:collapse;text-align:left;\"><tr><td colspan=\"1\"></td></tr><tr><td style=\"width:100%;\"></td></tr><tr><td style=\"vertical-align:bottom;border-bottom:1px solid #000000;padding-left:2px;padding-top:2px;padding-bottom:2px;padding-right:2px;\"><div style=\"overflow:hidden;height:5px;font-size:10pt;\"><font style=\"font-family:inherit;font-size:10pt;\">&#160;</font></div></td></tr></table></div></div><div style=\"line-height:120%;padding-top:8px;text-align:center;\"><img src=\"g325078g0426062022046a16.jpg\" alt=\"g325078g0426062022046a16.jpg\" style=\"height:48px;width:69px;\"></div><div style=\"line-height:120%;padding-bottom:4px;text-align:center;font-size:21pt;\"><font style=\"font-family:Helvetica,sans-serif;font-size:21pt;font-weight:bold;\">Apple Inc.</font></div><div style=\"line-height:120%;padding-top:2px;text-align:center;font-size:8pt;\"><font style=\"font-family:Helvetica,sans-serif;font-size:8pt;\">(Exact name of Registrant as specified in its charter)</font></div><div style=\"line-height:120%;padding-top:2px;text-align:center;font-size:8pt;\"><font style=\"font-family:Helvetica,sans-serif;font-size:8pt;\"><br></font></div><div style=\"line-height:120%;text-align:center;font-size:9pt;\"><div style=\"padding-left:0px;text-indent:0px;line-height:normal;padding-top:10px;\"><table cellpadding=\"0\" cellspacing=\"0\" style=\"font-family:Times New Roman;font-size:10pt;margin-left:auto;margin-right:auto;width:100%;border-collapse:collapse;text-align:left;\"><tr><td colspan=\"5\"></td></tr><tr><td style=\"width:27%;\"></td><td style=\"width:9%;\"></td><td style=\"width:27%;\"></td><td style=\"width:9%;\"></td><td style=\"width:28%;\"></td></tr><tr><td style=\"vertical-align:top;padding-left:2px;padding-top:2px;padding-bottom:2px;padding-right:2px;\"><div style=\"text-align:center;font-size:9pt;\"><font style=\"font-family:Helvetica,sans-serif;font-size:9pt;font-weight:bold;\">California</font></div></td><td style=\"vertical-align:bottom;padding-left:2px;padding-top:2px;padding-bottom:2px;padding-right:2px;\"><div style=\"text-align:center;font-size:9pt;\"><font style=\"font-family:Helvetica,sans-serif;font-size:9pt;\">&#160;</font></div></td><td style=\"vertical-align:top;padding-left:2px;padding-top:2px;padding-bottom:2px;padding-right:2px;\"><div style=\"text-align:center;font-size:9pt;\"><font style=\"font-family:Helvetica,sans-serif;font-size:9pt;font-weight:bold;\">001-36743</font></div></td><td style=\"vertical-align:bottom;padding-left:2px;padding-top:2px;padding-bottom:2px;padding-right:2px;\"><div style=\"text-align:center;font-size:9pt;\"><font style=\"font-family:Helvetica,sans-serif;font-size:9pt;\">&#160;</font></div></td><td style=\"vertical-align:top;padding-left:2px;padding-top:2px;padding-bottom:2px;padding-right:2px;\"><div style=\"text-align:center;font-size:9pt;\"><font style=\"font-family:Helvetica,sans-serif;font-size:9pt;font-weight:bold;\">94-2404110</font></div></td></tr><tr><td style=\"vertical-align:bottom;padding-left:2px;padding-top:2px;padding-bottom:2px;padding-right:2px;\"><div style=\"text-align:center;font-size:8pt;\"><font style=\"font-family:Helvetica,sans-serif;font-size:8pt;\">(State or other jurisdiction</font></div><div style=\"text-align:center;font-size:8pt;\"><font style=\"font-family:Helvetica,sans-serif;font-size:8pt;\">of incorporation)</font></div></td><td style=\"vertical-align:bottom;padding-left:2px;padding-top:2px;padding-bottom:2px;padding-right:2px;\"><div style=\"text-align:center;font-size:8pt;\"><font style=\"font-family:Helvetica,sans-serif;font-size:8pt;\">&#160;</font></div></td><td style=\"vertical-align:bottom;padding-left:2px;padding-top:2px;padding-bottom:2px;padding-right:2px;\"><div style=\"text-align:center;font-size:8pt;\"><font style=\"font-family:Helvetica,sans-serif;font-size:8pt;\">(Commission</font></div><div style=\"text-align:center;font-size:8pt;\"><font style=\"font-family:Helvetica,sans-serif;font-size:8pt;\">File Number)</font></div></td><td style=\"vertical-align:bottom;padding-left:2px;padding-top:2px;padding-bottom:2px;padding-right:2px;\"><div style=\"text-align:center;font-size:8pt;\"><font style=\"font-family:Helvetica,sans-serif;font-size:8pt;\">&#160;</font></div></td><td style=\"vertical-align:bottom;padding-left:2px;padding-top:2px;padding-bottom:2px;padding-right:2px;\"><div style=\"text-align:center;font-size:8pt;\"><font style=\"font-family:Helvetica,sans-serif;font-size:8pt;\">(I.R.S. Employer</font></div><div style=\"text-align:center;font-size:8pt;\"><font style=\"font-family:Helvetica,sans-serif;font-size:8pt;\">Identification No.)</font></div></td></tr></table></div></div><div style=\"line-height:120%;padding-top:16px;text-align:center;font-size:9pt;\"><font style=\"font-family:Helvetica,sans-serif;font-size:9pt;font-weight:bold;\">One Apple Park Way</font></div><div style=\"line-height:120%;text-align:center;font-size:9pt;\"><font style=\"font-family:Helvetica,sans-serif;font-size:9pt;font-weight:bold;\">Cupertino, California 95014</font></div><div style=\"line-height:120%;text-align:center;font-size:8pt;\"><font style=\"font-family:Helvetica,sans-serif;font-size:8pt;\">(Address of principal executive offices) (Zip Code)</font></div><div style=\"line-height:120%;padding-top:12px;text-align:center;font-size:9pt;\"><font style=\"font-family:Helvetica,sans-serif;font-size:9pt;font-weight:bold;\">(408) 996-1010</font></div><div style=\"line-height:120%;text-align:center;font-size:8pt;\"><font style=\"font-family:Helvetica,sans-serif;font-size:8pt;\">(Registrant&#8217;s telephone number, including area code)</font></div><div style=\"line-height:120%;padding-top:12px;text-align:center;font-size:9pt;\"><font style=\"font-family:Helvetica,sans-serif;font-size:9pt;font-weight:bold;\">Not applicable</font></div><div style=\"line-height:120%;text-align:center;font-size:8pt;\"><font style=\"font-family:Helvetica,sans-serif;font-size:8pt;\">(Former name or former address, if changed since last report.)</font></div><div style=\"line-height:120%;padding-top:24px;text-align:justify;font-size:9pt;\"><font style=\"font-family:Helvetica,sans-serif;font-size:9pt;\">Check the appropriate box below if the Form 8-K filing is intended to simultaneously satisfy the filing obligation of the Registrant under any of the following provisions:</font></div><div style=\"line-height:120%;font-size:11pt;\"><div style=\"padding-left:0px;text-indent:0px;line-height:normal;padding-top:10px;\"><table cellpadding=\"0\" cellspacing=\"0\" style=\"font-family:Times New Roman;font-size:10pt;width:100%;border-collapse:collapse;text-align:left;\"><tr><td colspan=\"2\"></td></tr><tr><td style=\"width:5%;\"></td><td style=\"width:95%;\"></td></tr><tr><td style=\"vertical-align:bottom;padding-left:2px;padding-top:2px;padding-bottom:2px;padding-right:2px;\"><div style=\"text-align:justify;font-size:11pt;\"><font style=\"font-family:Helvetica,sans-serif;font-size:11pt;\">&#9744;</font></div></td><td style=\"vertical-align:top;padding-left:2px;padding-top:2px;padding-bottom:2px;padding-right:2px;\"><div style=\"text-align:left;padding-left:12px;text-indent:-12px;font-size:9pt;\"><font style=\"font-family:Helvetica,sans-serif;font-size:9pt;\">Written communications pursuant to Rule 425 under the Securities Act (17 CFR 230.425)</font></div></td></tr></table></div></div><div style=\"line-height:120%;padding-top:8px;font-size:11pt;\"><div style=\"padding-left:0px;text-indent:0px;line-height:normal;padding-top:10px;\"><table cellpadding=\"0\" cellspacing=\"0\" style=\"font-family:Times New Roman;font-size:10pt;width:100%;border-collapse:collapse;text-align:left;\"><tr><td colspan=\"2\"></td></tr><tr><td style=\"width:5%;\"></td><td style=\"width:95%;\"></td></tr><tr><td style=\"vertical-align:bottom;padding-left:2px;padding-top:2px;padding-bottom:2px;padding-right:2px;\"><div style=\"text-align:justify;font-size:11pt;\"><font style=\"font-family:Helvetica,sans-serif;font-size:11pt;\">&#9744;</font></div></td><td style=\"vertical-align:top;padding-left:2px;padding-top:2px;padding-bottom:2px;padding-right:2px;\"><div style=\"text-align:left;padding-left:12px;text-indent:-12px;font-size:9pt;\"><font style=\"font-family:Helvetica,sans-serif;font-size:9pt;\">Soliciting material pursuant to Rule 14a-12 under the Exchange Act (17 CFR 240.14a-12)</font></div></td></tr></table></div></div><div style=\"line-height:120%;padding-top:8px;font-size:11pt;\"><div style=\"padding-left:0px;text-indent:0px;line-height:normal;padding-top:10px;\"><table cellpadding=\"0\" cellspacing=\"0\" style=\"font-family:Times New Roman;font-size:10pt;width:100%;border-collapse:collapse;text-align:left;\"><tr><td colspan=\"2\"></td></tr><tr><td style=\"width:5%;\"></td><td style=\"width:95%;\"></td></tr><tr><td style=\"vertical-align:bottom;padding-left:2px;padding-top:2px;padding-bottom:2px;padding-right:2px;\"><div style=\"text-align:justify;font-size:11pt;\"><font style=\"font-family:Helvetica,sans-serif;font-size:11pt;\">&#9744;</font></div></td><td style=\"vertical-align:top;padding-left:2px;padding-top:2px;padding-bottom:2px;padding-right:2px;\"><div style=\"text-align:left;padding-left:12px;text-indent:-12px;font-size:9pt;\"><font style=\"font-family:Helvetica,sans-serif;font-size:9pt;\">Pre-commencement communications pursuant to Rule 14d-2(b) under the Exchange Act (17 CFR 240.14d-2(b))</font></div></td></tr></table></div></div><div style=\"line-height:120%;padding-top:8px;font-size:11pt;\"><div style=\"padding-left:0px;text-indent:0px;line-height:normal;padding-top:10px;\"><table cellpadding=\"0\" cellspacing=\"0\" style=\"font-family:Times New Roman;font-size:10pt;width:100%;border-collapse:collapse;text-align:left;\"><tr><td colspan=\"2\"></td></tr><tr><td style=\"width:5%;\"></td><td style=\"width:95%;\"></td></tr><tr><td style=\"vertical-align:bottom;padding-left:2px;padding-top:2px;padding-bottom:2px;padding-right:2px;\"><div style=\"text-align:justify;font-size:11pt;\"><font style=\"font-family:Helvetica,sans-serif;font-size:11pt;\">&#9744;</font></div></td><td style=\"vertical-align:top;padding-left:2px;padding-top:2px;padding-bottom:2px;padding-right:2px;\"><div style=\"text-align:left;padding-left:12px;text-indent:-12px;font-size:9pt;\"><font style=\"font-family:Helvetica,sans-serif;font-size:9pt;\">Pre-commencement communications pursuant to Rule 13e-4(c) under the Exchange Act (17 CFR 240.13e-4(c))</font></div></td></tr></table></div></div><div style=\"line-height:120%;padding-top:14px;text-align:justify;font-size:9pt;\"><font style=\"font-family:Helvetica,sans-serif;font-size:9pt;\">Indicate by check mark whether the Registrant is an emerging growth company as defined in Rule 405 of the Securities Act of 1933 (&#167;230.405 of this chapter) or Rule 12b-2 of the Securities Exchange Act of 1934 (&#167;240.12b-2 of this chapter).</font></div><div style=\"line-height:120%;padding-top:10px;font-size:11pt;\"><font style=\"font-family:Helvetica,sans-serif;font-size:9pt;\">Emerging growth company        </font><font style=\"font-family:Helvetica,sans-serif;font-size:11pt;\">&#9744;</font></div><div style=\"line-height:100%;padding-top:14px;text-align:justify;font-size:11pt;\"><font style=\"font-family:Helvetica,sans-serif;font-size:9pt;\">If an emerging growth company, indicate by check mark if the Registrant has elected not to use the extended transition period for complying with any new or revised financial accounting standards provided pursuant to Section 13(a) of the Exchange Act.</font><font style=\"font-family:Helvetica,sans-serif;font-size:9pt;color:#333333;\">&#32;&#32;&#32;&#32;&#32;&#32;&#32;&#32;</font><font style=\"font-family:Helvetica,sans-serif;font-size:11pt;\">&#9744;</font></div><div style=\"line-height:120%;padding-top:16px;text-align:center;font-size:10pt;\"><div style=\"padding-left:0px;text-indent:0px;line-height:normal;padding-top:10px;\"><table cellpadding=\"0\" cellspacing=\"0\" style=\"font-family:Times New Roman;font-size:10pt;margin-left:auto;margin-right:auto;width:100%;border-collapse:collapse;text-align:left;\"><tr><td colspan=\"1\"></td></tr><tr><td style=\"width:100%;\"></td></tr><tr><td style=\"vertical-align:bottom;border-bottom:1px solid #000000;padding-left:2px;padding-top:2px;padding-bottom:2px;padding-right:2px;border-top:1px solid #000000;\"><div style=\"overflow:hidden;height:5px;font-size:10pt;\"><font style=\"font-family:inherit;font-size:10pt;\">&#160;</font></div></td></tr></table></div></div><div><br></div><div style=\"text-align:center;\"><div style=\"line-height:120%;font-size:10pt;\"><font style=\"font-family:inherit;font-size:10pt;\"><br></font></div></div><hr style=\"page-break-after:always\"><div><a name=\"sABCF20AE3AD15728A46789308CE1D3C8\"></a></div><div><div style=\"line-height:120%;font-size:10pt;\"><font style=\"font-family:inherit;font-size:10pt;\"><br></font></div></div><div><br></div><div style=\"line-height:120%;padding-top:16px;text-align:left;font-size:9pt;\"><font style=\"font-family:Helvetica,sans-serif;font-size:9pt;font-weight:bold;\">Item 2.02&#160;&#160;&#160;&#160;Results of Operations and Financial Condition.</font></div><div style=\"line-height:120%;padding-top:8px;text-align:left;font-size:9pt;\"><font style=\"font-family:Helvetica,sans-serif;font-size:9pt;\">On January 2, 2019, Apple Inc. (&#8220;Apple&#8221;) issued a public letter to investors revising its guidance for its first fiscal quarter ending December 29, 2018. A copy of Apple&#8217;s letter is attached hereto as Exhibit 99.1. </font></div><div style=\"line-height:120%;padding-top:16px;text-align:left;font-size:9pt;\"><font style=\"font-family:Helvetica,sans-serif;font-size:9pt;\">The information contained in this Current Report shall not be deemed &#8220;filed&#8221; for purposes of Section 18 of the Securities Exchange Act of 1934, as amended (the &#8220;Exchange Act&#8221;), or incorporated by reference in any filing under the Securities Act of 1933, as amended, or the Exchange Act, except as shall be expressly set forth by specific reference in such a filing.</font></div><div><a name=\"s5140C73FBF2E5A2385ACC96D7A5D0033\"></a></div><div style=\"line-height:120%;padding-top:24px;-sec-extract:summary;font-size:9pt;\"><font style=\"font-family:Helvetica,sans-serif;font-size:9pt;font-weight:bold;\">Item 9.01&#160;&#160;&#160;&#160;Financial Statements and Exhibits.</font></div><table cellpadding=\"0\" cellspacing=\"0\" style=\"padding-top:8px;font-family:Times New Roman; font-size:10pt;\"><tr><td style=\"width:24px;\"></td><td></td></tr><tr><td style=\"vertical-align:top\"><div style=\"line-height:120%;font-size:9pt;padding-left:0px;\"><font style=\"font-family:Helvetica,sans-serif;font-size:9pt;\">(d)</font></div></td><td style=\"vertical-align:top;\"><div style=\"line-height:120%;text-align:left;font-size:9pt;\"><font style=\"font-family:Helvetica,sans-serif;font-size:9pt;\">Exhibits.</font></div></td></tr></table><div style=\"line-height:120%;text-align:center;font-size:10pt;\"><div style=\"padding-left:0px;text-indent:0px;line-height:normal;padding-top:10px;\"><table cellpadding=\"0\" cellspacing=\"0\" style=\"font-family:Times New Roman;font-size:10pt;margin-left:auto;margin-right:auto;width:100%;border-collapse:collapse;text-align:left;\"><tr><td colspan=\"3\"></td></tr><tr><td style=\"width:8%;\"></td><td style=\"width:7%;\"></td><td style=\"width:85%;\"></td></tr><tr><td style=\"vertical-align:bottom;border-bottom:2px solid #000000;padding-left:2px;padding-top:2px;padding-bottom:2px;padding-right:2px;\"><div style=\"text-align:left;font-size:8pt;\"><font style=\"font-family:Helvetica,sans-serif;font-size:8pt;font-weight:bold;\">Exhibit</font></div><div style=\"text-align:left;font-size:8pt;\"><font style=\"font-family:Helvetica,sans-serif;font-size:8pt;font-weight:bold;\">Number</font></div></td><td style=\"vertical-align:bottom;padding-left:2px;padding-top:2px;padding-bottom:2px;padding-right:2px;\"><div style=\"overflow:hidden;font-size:10pt;\"><font style=\"font-family:inherit;font-size:10pt;\">&#160;</font></div></td><td style=\"vertical-align:bottom;border-bottom:2px solid #000000;padding-left:2px;padding-top:2px;padding-bottom:2px;padding-right:2px;\"><div style=\"text-align:left;font-size:8pt;\"><font style=\"font-family:Helvetica,sans-serif;font-size:8pt;font-weight:bold;\">Exhibit Description</font></div></td></tr><tr><td style=\"vertical-align:bottom;padding-left:2px;padding-top:2px;padding-bottom:2px;padding-right:2px;\"><div style=\"overflow:hidden;height:5px;font-size:10pt;\"><font style=\"font-family:inherit;font-size:10pt;\">&#160;</font></div></td><td colspan=\"2\" style=\"vertical-align:bottom;padding-left:2px;padding-top:2px;padding-bottom:2px;padding-right:2px;\"><div style=\"overflow:hidden;height:5px;font-size:10pt;\"><font style=\"font-family:inherit;font-size:10pt;\">&#160;</font></div></td></tr><tr><td style=\"vertical-align:top;padding-left:2px;padding-top:2px;padding-bottom:2px;padding-right:2px;\"><div style=\"text-align:left;font-size:9pt;\"><font style=\"font-family:Helvetica,sans-serif;font-size:9pt;\">99.1</font></div></td><td style=\"vertical-align:bottom;padding-left:2px;padding-top:2px;padding-bottom:2px;padding-right:2px;\"><div style=\"overflow:hidden;font-size:10pt;\"><font style=\"font-family:inherit;font-size:10pt;\">&#160;</font></div></td><td style=\"vertical-align:top;padding-left:2px;padding-top:2px;padding-bottom:2px;padding-right:2px;\"><div style=\"font-size:9pt;\"><a style=\"text-decoration:underline;color:#0000FF;-sec-extract:exhibit;\" href=\"a8-kexhibit991122019.htm\"><font style=\"font-family:Helvetica,sans-serif;font-size:9pt;\">Letter to investors issued by Apple Inc. on January 2, 2019. </font></a></div></td></tr></table></div></div><div style=\"line-height:120%;padding-top:8px;font-size:9pt;\"><font style=\"font-family:Helvetica,sans-serif;font-size:9pt;\"><br></font></div><div><br></div><div style=\"text-align:center;\"><div style=\"line-height:120%;font-size:10pt;\"><font style=\"font-family:inherit;font-size:10pt;\"><br></font></div></div><hr style=\"page-break-after:always\"><div><a name=\"s58FAFBBF41205E05A53184134D50ECB4\"></a></div><div><div style=\"line-height:120%;font-size:10pt;\"><font style=\"font-family:inherit;font-size:10pt;\"><br></font></div></div><div><br></div><div style=\"line-height:120%;text-align:center;font-size:9pt;\"><font style=\"font-family:Helvetica,sans-serif;font-size:9pt;font-weight:bold;\">SIGNATURE</font></div><div style=\"line-height:120%;padding-top:16px;text-align:justify;font-size:9pt;\"><font style=\"font-family:Helvetica,sans-serif;font-size:9pt;\">Pursuant to the requirements of the Securities Exchange Act of 1934, the Registrant has duly caused this report to be signed on its behalf by the undersigned hereunto duly authorized.</font></div><div style=\"line-height:120%;font-size:12pt;\"><font style=\"font-family:Helvetica,sans-serif;font-size:12pt;\"><br></font></div><div style=\"line-height:120%;font-size:10pt;\"><div style=\"padding-left:0px;text-indent:0px;line-height:normal;padding-top:10px;\"><table cellpadding=\"0\" cellspacing=\"0\" style=\"font-family:Times New Roman;font-size:10pt;width:100%;border-collapse:collapse;text-align:left;\"><tr><td colspan=\"6\"></td></tr><tr><td style=\"width:6%;\"></td><td style=\"width:21%;\"></td><td style=\"width:27%;\"></td><td style=\"width:4%;\"></td><td style=\"width:2%;\"></td><td style=\"width:40%;\"></td></tr><tr><td style=\"vertical-align:top;padding-left:2px;padding-top:2px;padding-bottom:2px;padding-right:2px;\"><div style=\"text-align:left;font-size:9pt;\"><font style=\"font-family:Helvetica,sans-serif;font-size:9pt;\">Date:</font></div></td><td style=\"vertical-align:bottom;padding-left:2px;padding-top:2px;padding-bottom:2px;padding-right:2px;\"><div style=\"text-align:left;font-size:9pt;\"><font style=\"font-family:Helvetica,sans-serif;font-size:9pt;\">January&#160;2, 2019</font></div></td><td style=\"vertical-align:bottom;padding-left:2px;padding-top:2px;padding-bottom:2px;padding-right:2px;\"><div style=\"overflow:hidden;font-size:10pt;\"><font style=\"font-family:inherit;font-size:10pt;\">&#160;</font></div></td><td colspan=\"3\" style=\"vertical-align:top;padding-left:2px;padding-top:2px;padding-bottom:2px;padding-right:2px;\"><div style=\"text-align:left;font-size:9pt;\"><font style=\"font-family:Helvetica,sans-serif;font-size:9pt;\">Apple Inc.</font></div></td></tr><tr><td style=\"vertical-align:bottom;padding-left:2px;padding-top:2px;padding-bottom:2px;padding-right:2px;\"><div style=\"overflow:hidden;height:20px;font-size:10pt;\"><font style=\"font-family:inherit;font-size:10pt;\">&#160;</font></div></td><td style=\"vertical-align:bottom;padding-left:2px;padding-top:2px;padding-bottom:2px;padding-right:2px;\"><div style=\"overflow:hidden;height:20px;font-size:10pt;\"><font style=\"font-family:inherit;font-size:10pt;\">&#160;</font></div></td><td style=\"vertical-align:bottom;padding-left:2px;padding-top:2px;padding-bottom:2px;padding-right:2px;\"><div style=\"overflow:hidden;height:20px;font-size:10pt;\"><font style=\"font-family:inherit;font-size:10pt;\">&#160;</font></div></td><td style=\"vertical-align:bottom;padding-left:2px;padding-top:2px;padding-bottom:2px;padding-right:2px;\"><div style=\"overflow:hidden;height:20px;font-size:10pt;\"><font style=\"font-family:inherit;font-size:10pt;\">&#160;</font></div></td><td style=\"vertical-align:bottom;padding-left:2px;padding-top:2px;padding-bottom:2px;padding-right:2px;\"><div style=\"overflow:hidden;height:20px;font-size:10pt;\"><font style=\"font-family:inherit;font-size:10pt;\">&#160;</font></div></td><td style=\"vertical-align:bottom;padding-left:2px;padding-top:2px;padding-bottom:2px;padding-right:2px;\"><div style=\"overflow:hidden;height:20px;font-size:10pt;\"><font style=\"font-family:inherit;font-size:10pt;\">&#160;</font></div></td></tr><tr><td style=\"vertical-align:bottom;padding-left:2px;padding-top:2px;padding-bottom:2px;padding-right:2px;\"><div style=\"overflow:hidden;font-size:10pt;\"><font style=\"font-family:inherit;font-size:10pt;\">&#160;</font></div></td><td style=\"vertical-align:bottom;padding-left:2px;padding-top:2px;padding-bottom:2px;padding-right:2px;\"><div style=\"overflow:hidden;font-size:10pt;\"><font style=\"font-family:inherit;font-size:10pt;\">&#160;</font></div></td><td style=\"vertical-align:bottom;padding-left:2px;padding-top:2px;padding-bottom:2px;padding-right:2px;\"><div style=\"overflow:hidden;font-size:10pt;\"><font style=\"font-family:inherit;font-size:10pt;\">&#160;</font></div></td><td style=\"vertical-align:top;padding-left:2px;padding-top:2px;padding-bottom:2px;padding-right:2px;\"><div style=\"text-align:left;font-size:9pt;\"><font style=\"font-family:Helvetica,sans-serif;font-size:9pt;\">By:</font></div></td><td style=\"vertical-align:bottom;border-bottom:1px solid #000000;padding-left:2px;padding-top:2px;padding-bottom:2px;padding-right:2px;\"><div style=\"overflow:hidden;font-size:10pt;\"><font style=\"font-family:inherit;font-size:10pt;\">&#160;</font></div></td><td style=\"vertical-align:top;border-bottom:1px solid #000000;padding-left:2px;padding-top:2px;padding-bottom:2px;padding-right:2px;\"><div style=\"text-align:left;font-size:9pt;\"><font style=\"font-family:Helvetica,sans-serif;font-size:9pt;\">/s/ Luca Maestri</font></div></td></tr><tr><td style=\"vertical-align:bottom;padding-left:2px;padding-top:2px;padding-bottom:2px;padding-right:2px;\"><div style=\"overflow:hidden;font-size:10pt;\"><font style=\"font-family:inherit;font-size:10pt;\">&#160;</font></div></td><td style=\"vertical-align:bottom;padding-left:2px;padding-top:2px;padding-bottom:2px;padding-right:2px;\"><div style=\"overflow:hidden;font-size:10pt;\"><font style=\"font-family:inherit;font-size:10pt;\">&#160;</font></div></td><td style=\"vertical-align:bottom;padding-left:2px;padding-top:2px;padding-bottom:2px;padding-right:2px;\"><div style=\"overflow:hidden;font-size:10pt;\"><font style=\"font-family:inherit;font-size:10pt;\">&#160;</font></div></td><td style=\"vertical-align:bottom;padding-left:2px;padding-top:2px;padding-bottom:2px;padding-right:2px;\"><div style=\"overflow:hidden;font-size:10pt;\"><font style=\"font-family:inherit;font-size:10pt;\">&#160;</font></div></td><td style=\"vertical-align:bottom;padding-left:2px;padding-top:2px;padding-bottom:2px;padding-right:2px;\"><div style=\"overflow:hidden;font-size:10pt;\"><font style=\"font-family:inherit;font-size:10pt;\">&#160;</font></div></td><td style=\"vertical-align:bottom;padding-left:2px;padding-top:2px;padding-bottom:2px;padding-right:2px;\"><div style=\"text-align:left;font-size:9pt;\"><font style=\"font-family:Helvetica,sans-serif;font-size:9pt;\">Luca Maestri</font></div></td></tr><tr><td style=\"vertical-align:bottom;padding-left:2px;padding-top:2px;padding-bottom:2px;padding-right:2px;\"><div style=\"overflow:hidden;font-size:10pt;\"><font style=\"font-family:inherit;font-size:10pt;\">&#160;</font></div></td><td style=\"vertical-align:bottom;padding-left:2px;padding-top:2px;padding-bottom:2px;padding-right:2px;\"><div style=\"overflow:hidden;font-size:10pt;\"><font style=\"font-family:inherit;font-size:10pt;\">&#160;</font></div></td><td style=\"vertical-align:bottom;padding-left:2px;padding-top:2px;padding-bottom:2px;padding-right:2px;\"><div style=\"overflow:hidden;font-size:10pt;\"><font style=\"font-family:inherit;font-size:10pt;\">&#160;</font></div></td><td style=\"vertical-align:bottom;padding-left:2px;padding-top:2px;padding-bottom:2px;padding-right:2px;\"><div style=\"overflow:hidden;font-size:10pt;\"><font style=\"font-family:inherit;font-size:10pt;\">&#160;</font></div></td><td style=\"vertical-align:bottom;padding-left:2px;padding-top:2px;padding-bottom:2px;padding-right:2px;\"><div style=\"overflow:hidden;font-size:10pt;\"><font style=\"font-family:inherit;font-size:10pt;\">&#160;</font></div></td><td style=\"vertical-align:bottom;padding-left:2px;padding-top:2px;padding-bottom:2px;padding-right:2px;\"><div style=\"text-align:left;font-size:9pt;\"><font style=\"font-family:Helvetica,sans-serif;font-size:9pt;\">Senior Vice President,<br>Chief Financial Officer</font></div></td></tr></table></div></div><div><br></div><div style=\"text-align:center;\"><div style=\"line-height:120%;font-size:10pt;\"><font style=\"font-family:inherit;font-size:10pt;\"><br></font></div></div>\t</body>\r\n</html>\r\n"},{"TYPE":"EX-99.1","SEQUENCE":2,"FILENAME":"a8-kexhibit991122019.htm","DESCRIPTION":"EXHIBIT 99.1","TEXT":"\r\n<!DOCTYPE html PUBLIC \"-//W3C//DTD HTML 4.01 Transitional//EN\" \"http://www.w3.org/TR/html4/loose.dtd\">\r\n<html>\r\n\t<head>\r\n\t\t<!-- Document created using Wdesk 1 -->\r\n\t\t<!-- Copyright 2019 Workiva -->\r\n\t\t<title>Exhibit</title>\r\n\t</head>\r\n\t<body style=\"font-family:Times New Roman;font-size:10pt;\">\r\n<div><a name=\"sA4D4210EFB8B57099027B6E8C32C5141\"></a></div><div><div style=\"line-height:120%;font-size:10pt;\"><font style=\"font-family:inherit;font-size:10pt;\"><br></font></div></div><div><br></div><div style=\"line-height:120%;text-align:right;font-size:10pt;\"><font style=\"font-family:Helvetica,sans-serif;font-size:10pt;font-weight:bold;\">Exhibit 99.1</font></div><div style=\"line-height:120%;text-align:right;font-size:9pt;\"><font style=\"font-family:Helvetica,sans-serif;font-size:9pt;\"><br></font></div><div style=\"line-height:120%;text-align:left;font-size:19pt;\"><font style=\"font-family:Helvetica,sans-serif;font-size:19pt;\"><br></font></div><div style=\"line-height:120%;text-align:left;font-size:16pt;\"><font style=\"font-family:Helvetica,sans-serif;font-size:16pt;font-weight:bold;\">Letter from Tim Cook to Apple Investors</font></div><div style=\"line-height:120%;text-align:left;font-size:10pt;\"><font style=\"font-family:Helvetica,sans-serif;font-size:10pt;\"><br></font></div><div style=\"line-height:120%;text-align:left;font-size:10pt;\"><font style=\"font-family:Helvetica,sans-serif;font-size:10pt;\">CUPERTINO, California &#8212; January 2, 2019 &#8212; Apple</font><font style=\"font-family:Helvetica,sans-serif;font-size:10pt;\"><sup style=\"vertical-align:top;line-height:120%;font-size:pt\">&#174;</sup></font><font style=\"font-family:Helvetica,sans-serif;font-size:10pt;\">&#32;today issued the following public letter to investors:</font></div><div style=\"line-height:120%;text-align:left;font-size:10pt;\"><font style=\"font-family:Helvetica,sans-serif;font-size:10pt;\"><br></font></div><div style=\"line-height:120%;text-align:justify;font-size:10pt;\"><font style=\"font-family:Helvetica,sans-serif;font-size:10pt;\">To Apple investors:</font></div><div style=\"line-height:120%;text-align:justify;font-size:10pt;\"><font style=\"font-family:Helvetica,sans-serif;font-size:10pt;\"><br></font></div><div style=\"line-height:120%;text-align:left;font-size:10pt;\"><font style=\"font-family:Helvetica,sans-serif;font-size:10pt;\">Today we are revising our guidance for Apple&#8217;s fiscal 2019 first quarter, which ended on December 29. We now expect the following:</font></div><div style=\"line-height:120%;text-align:left;font-size:10pt;\"><font style=\"font-family:Helvetica,sans-serif;font-size:10pt;\"><br></font></div><table cellpadding=\"0\" cellspacing=\"0\" style=\"font-family:Times New Roman; font-size:10pt;\"><tr><td style=\"width:24px;\"></td><td></td></tr><tr><td style=\"vertical-align:top\"><div style=\"line-height:120%;font-size:10pt;padding-left:0px;\"><font style=\"font-family:Helvetica,sans-serif;font-size:10pt;\">&#8226;</font></div></td><td style=\"vertical-align:top;\"><div style=\"line-height:120%;text-align:left;font-size:10pt;\"><font style=\"font-family:Helvetica,sans-serif;font-size:10pt;\">Revenue of approximately $84 billion</font></div></td></tr></table><table cellpadding=\"0\" cellspacing=\"0\" style=\"font-family:Times New Roman; font-size:10pt;\"><tr><td style=\"width:24px;\"></td><td></td></tr><tr><td style=\"vertical-align:top\"><div style=\"line-height:120%;font-size:10pt;padding-left:0px;\"><font style=\"font-family:Helvetica,sans-serif;font-size:10pt;\">&#8226;</font></div></td><td style=\"vertical-align:top;\"><div style=\"line-height:120%;text-align:left;font-size:10pt;\"><font style=\"font-family:Helvetica,sans-serif;font-size:10pt;\">Gross margin of approximately 38 percent</font></div></td></tr></table><table cellpadding=\"0\" cellspacing=\"0\" style=\"font-family:Times New Roman; font-size:10pt;\"><tr><td style=\"width:24px;\"></td><td></td></tr><tr><td style=\"vertical-align:top\"><div style=\"line-height:120%;font-size:10pt;padding-left:0px;\"><font style=\"font-family:Helvetica,sans-serif;font-size:10pt;\">&#8226;</font></div></td><td style=\"vertical-align:top;\"><div style=\"line-height:120%;text-align:left;font-size:10pt;\"><font style=\"font-family:Helvetica,sans-serif;font-size:10pt;\">Operating expenses of approximately $8.7 billion</font></div></td></tr></table><table cellpadding=\"0\" cellspacing=\"0\" style=\"font-family:Times New Roman; font-size:10pt;\"><tr><td style=\"width:24px;\"></td><td></td></tr><tr><td style=\"vertical-align:top\"><div style=\"line-height:120%;font-size:10pt;padding-left:0px;\"><font style=\"font-family:Helvetica,sans-serif;font-size:10pt;\">&#8226;</font></div></td><td style=\"vertical-align:top;\"><div style=\"line-height:120%;text-align:left;font-size:10pt;\"><font style=\"font-family:Helvetica,sans-serif;font-size:10pt;\">Other income/(expense) of approximately $550 million</font></div></td></tr></table><table cellpadding=\"0\" cellspacing=\"0\" style=\"font-family:Times New Roman; font-size:10pt;\"><tr><td style=\"width:24px;\"></td><td></td></tr><tr><td style=\"vertical-align:top\"><div style=\"line-height:120%;font-size:10pt;padding-left:0px;\"><font style=\"font-family:Helvetica,sans-serif;font-size:10pt;\">&#8226;</font></div></td><td style=\"vertical-align:top;\"><div style=\"line-height:120%;text-align:left;font-size:10pt;\"><font style=\"font-family:Helvetica,sans-serif;font-size:10pt;\">Tax rate of approximately 16.5 percent before discrete items</font></div></td></tr></table><div style=\"line-height:120%;text-align:left;font-size:10pt;\"><font style=\"font-family:Helvetica,sans-serif;font-size:10pt;\"><br></font></div><div style=\"line-height:120%;text-align:left;font-size:10pt;\"><font style=\"font-family:Helvetica,sans-serif;font-size:10pt;\">We expect the number of shares used in computing diluted EPS to be approximately 4.77 billion.</font></div><div style=\"line-height:120%;text-align:left;font-size:10pt;\"><font style=\"font-family:Helvetica,sans-serif;font-size:10pt;\"><br></font></div><div style=\"line-height:120%;text-align:left;font-size:10pt;\"><font style=\"font-family:Helvetica,sans-serif;font-size:10pt;\">Based on these estimates, our revenue will be lower than our original guidance for the quarter, with other items remaining broadly in line with our guidance. </font></div><div style=\"line-height:120%;text-align:left;font-size:10pt;\"><font style=\"font-family:Helvetica,sans-serif;font-size:10pt;\"><br></font></div><div style=\"line-height:120%;text-align:left;font-size:10pt;\"><font style=\"font-family:Helvetica,sans-serif;font-size:10pt;\">While it will be a number of weeks before we complete and report our final results, we wanted to get some preliminary information to you now. Our final results may differ somewhat from these preliminary estimates. </font></div><div style=\"line-height:120%;text-align:left;font-size:10pt;\"><font style=\"font-family:Helvetica,sans-serif;font-size:10pt;\"><br></font></div><div style=\"line-height:120%;text-align:left;font-size:10pt;\"><font style=\"font-family:Helvetica,sans-serif;font-size:10pt;\">When we discussed our Q1 guidance with you about 60 days ago, we knew the first quarter would be impacted by both macroeconomic and Apple-specific factors. Based on our best estimates of how these would play out, we predicted that we would report slight revenue growth year-over-year for the quarter. As you may recall, we discussed four factors:</font></div><div style=\"line-height:120%;text-align:left;font-size:10pt;\"><font style=\"font-family:Helvetica,sans-serif;font-size:10pt;\"><br></font></div><div style=\"line-height:120%;text-align:left;font-size:10pt;\"><font style=\"font-family:Helvetica,sans-serif;font-size:10pt;\">First, we knew the different timing of our iPhone launches would affect our year-over-year compares. Our top models, iPhone XS and iPhone XS Max, shipped in Q4&#8217;18 &#8212; placing the channel fill and early sales in that quarter, whereas last year iPhone X shipped in Q1&#8217;18, placing the channel fill and early sales in the December quarter. We knew this would create a difficult compare for Q1&#8217;19, and this played out broadly in line with our expectations.</font></div><div style=\"line-height:120%;text-align:left;font-size:10pt;\"><font style=\"font-family:Helvetica,sans-serif;font-size:10pt;\"><br></font></div><div style=\"line-height:120%;text-align:left;font-size:10pt;\"><font style=\"font-family:Helvetica,sans-serif;font-size:10pt;\">Second, we knew the strong US dollar would create foreign exchange headwinds and forecasted this would reduce our revenue growth by about 200 basis points as compared to the previous year. This also played out broadly in line with our expectations.</font></div><div style=\"line-height:120%;text-align:left;font-size:10pt;\"><font style=\"font-family:Helvetica,sans-serif;font-size:10pt;\"><br></font></div><div style=\"line-height:120%;text-align:left;font-size:10pt;\"><font style=\"font-family:Helvetica,sans-serif;font-size:10pt;\">Third, we knew we had an unprecedented number of new products to ramp during the quarter and predicted that supply constraints would gate our sales of certain products during Q1. Again, this also played out broadly in line with our expectations. Sales of Apple Watch Series 4 and iPad Pro were constrained much or all of the quarter. AirPods and MacBook Air were also constrained. </font></div><div style=\"line-height:120%;text-align:left;font-size:10pt;\"><font style=\"font-family:Helvetica,sans-serif;font-size:10pt;\"><br></font></div><div style=\"line-height:120%;text-align:left;font-size:10pt;\"><font style=\"font-family:Helvetica,sans-serif;font-size:10pt;\">Fourth, we expected economic weakness in some emerging markets. This turned out to have a significantly greater impact than we had projected. </font></div><div style=\"line-height:120%;text-align:left;font-size:10pt;\"><font style=\"font-family:Helvetica,sans-serif;font-size:10pt;\"><br></font></div><div style=\"line-height:120%;text-align:left;font-size:10pt;\"><font style=\"font-family:Helvetica,sans-serif;font-size:10pt;\">In addition, these and other factors resulted in fewer iPhone upgrades than we had anticipated. </font></div><div style=\"line-height:120%;text-align:left;font-size:10pt;\"><font style=\"font-family:Helvetica,sans-serif;font-size:10pt;\"><br></font></div><div style=\"line-height:120%;text-align:left;font-size:10pt;\"><font style=\"font-family:Helvetica,sans-serif;font-size:10pt;\">These last two points have led us to reduce our revenue guidance. I&#8217;d like to go a bit deeper on both. </font></div><div style=\"line-height:120%;text-align:left;font-size:10pt;\"><font style=\"font-family:Helvetica,sans-serif;font-size:10pt;\"><br></font></div><div><br></div><div style=\"text-align:center;\"><div style=\"line-height:120%;font-size:10pt;\"><font style=\"font-family:inherit;font-size:10pt;\"><br></font></div></div><hr style=\"page-break-after:always\"><div><div style=\"line-height:120%;font-size:10pt;\"><font style=\"font-family:inherit;font-size:10pt;\"><br></font></div></div><div><br></div><div style=\"line-height:120%;text-align:left;font-size:10pt;\"><font style=\"font-family:Helvetica,sans-serif;font-size:10pt;font-weight:bold;\">Emerging Market Challenges</font></div><div style=\"line-height:120%;text-align:left;font-size:10pt;\"><font style=\"font-family:Helvetica,sans-serif;font-size:10pt;\"><br></font></div><div style=\"line-height:120%;text-align:left;font-size:10pt;\"><font style=\"font-family:Helvetica,sans-serif;font-size:10pt;\">While we anticipated some challenges in key emerging markets, we did not foresee the magnitude of the economic deceleration, particularly in Greater China. In fact, most of our revenue shortfall to our guidance, and over 100 percent of our year-over-year worldwide revenue decline, occurred in Greater China across iPhone, Mac and iPad.</font></div><div style=\"line-height:120%;text-align:left;font-size:10pt;\"><font style=\"font-family:Helvetica,sans-serif;font-size:10pt;\"><br></font></div><div style=\"line-height:120%;text-align:left;font-size:10pt;\"><font style=\"font-family:Helvetica,sans-serif;font-size:10pt;\">China&#8217;s economy began to slow in the second half of 2018. The government-reported GDP growth during the September quarter was the second lowest in the last 25 years. We believe the economic environment in China has been further impacted by rising trade tensions with the United States. As the climate of mounting uncertainty weighed on financial markets, the effects appeared to reach consumers as well, with traffic to our retail stores and our channel partners in China declining as the quarter progressed. And market data has shown that the contraction in Greater China&#8217;s smartphone market has been particularly sharp.</font></div><div style=\"line-height:120%;text-align:left;font-size:10pt;\"><font style=\"font-family:Helvetica,sans-serif;font-size:10pt;\"><br></font></div><div style=\"line-height:120%;text-align:left;font-size:10pt;\"><font style=\"font-family:Helvetica,sans-serif;font-size:10pt;\">Despite these challenges, we believe that our business in China has a bright future. The iOS developer community in China is among the most innovative, creative and vibrant in the world. Our products enjoy a strong following among customers, with a very high level of engagement and satisfaction. Our results in China include a new record for Services revenue, and our installed base of devices grew over the last year. We are proud to participate in the Chinese marketplace.</font></div><div style=\"line-height:120%;text-align:left;font-size:10pt;\"><font style=\"font-family:Helvetica,sans-serif;font-size:10pt;\"><br></font></div><div style=\"line-height:120%;text-align:left;font-size:10pt;\"><font style=\"font-family:Helvetica,sans-serif;font-size:10pt;font-weight:bold;\">iPhone </font></div><div style=\"line-height:120%;text-align:left;font-size:10pt;\"><font style=\"font-family:Helvetica,sans-serif;font-size:10pt;\"><br></font></div><div style=\"line-height:120%;text-align:left;font-size:10pt;\"><font style=\"font-family:Helvetica,sans-serif;font-size:10pt;\">Lower than anticipated iPhone revenue, primarily in Greater China, accounts for all of our revenue shortfall to our guidance and for much more than our entire year-over-year revenue decline. In fact, categories outside of iPhone (Services, Mac, iPad, Wearables/Home/Accessories) combined to grow almost 19 percent year-over-year. </font></div><div style=\"line-height:120%;text-align:left;font-size:10pt;\"><font style=\"font-family:Helvetica,sans-serif;font-size:10pt;\"><br></font></div><div style=\"line-height:120%;text-align:left;font-size:10pt;\"><font style=\"font-family:Helvetica,sans-serif;font-size:10pt;\">While Greater China and other emerging markets accounted for the vast majority of the year-over-year iPhone revenue decline, in some developed markets, iPhone upgrades also were not as strong as we thought they would be. While macroeconomic challenges in some markets were a key contributor to this trend, we believe there are other factors broadly impacting our iPhone performance, including consumers adapting to a world with fewer carrier subsidies, US dollar strength-related price increases, and some customers taking advantage of significantly reduced pricing for iPhone battery replacements. </font></div><div style=\"line-height:120%;text-align:left;font-size:10pt;\"><font style=\"font-family:Helvetica,sans-serif;font-size:10pt;\"><br></font></div><div style=\"line-height:120%;text-align:left;font-size:10pt;\"><font style=\"font-family:Helvetica,sans-serif;font-size:10pt;font-weight:bold;\">Many Positive Results in the December Quarter</font></div><div style=\"line-height:120%;text-align:left;font-size:10pt;\"><font style=\"font-family:Helvetica,sans-serif;font-size:10pt;\"><br></font></div><div style=\"line-height:120%;text-align:left;font-size:10pt;\"><font style=\"font-family:Helvetica,sans-serif;font-size:10pt;\">While it&#8217;s disappointing to revise our guidance, our performance in many areas showed remarkable strength in spite of these challenges. </font></div><div style=\"line-height:120%;text-align:left;font-size:10pt;\"><font style=\"font-family:Helvetica,sans-serif;font-size:10pt;\"><br></font></div><div style=\"line-height:120%;text-align:left;font-size:10pt;\"><font style=\"font-family:Helvetica,sans-serif;font-size:10pt;\">Our installed base of active devices hit a new all-time high &#8212; growing by more than 100 million units in 12 months. There are more Apple devices being used than ever before, and it&#8217;s a testament to the ongoing loyalty, satisfaction and engagement of our customers. </font></div><div style=\"line-height:120%;text-align:left;font-size:10pt;\"><font style=\"font-family:Helvetica,sans-serif;font-size:10pt;\"><br></font></div><div style=\"line-height:120%;text-align:left;font-size:10pt;\"><font style=\"font-family:Helvetica,sans-serif;font-size:10pt;\">Also, as I mentioned earlier, revenue outside of our iPhone business grew by almost 19 percent year-over-year, including all-time record revenue from Services, Wearables and Mac. Our non-iPhone businesses have less exposure to emerging markets, and the vast majority of Services revenue is related to the size of the installed base, not current period sales. </font></div><div style=\"line-height:120%;text-align:left;font-size:10pt;\"><font style=\"font-family:Helvetica,sans-serif;font-size:10pt;\"><br></font></div><div style=\"line-height:120%;text-align:left;font-size:10pt;\"><font style=\"font-family:Helvetica,sans-serif;font-size:10pt;\">Services generated over $10.8 billion in revenue during the quarter, growing to a new quarterly record in every geographic segment, and we are on track to achieve our goal of doubling the size of this business from 2016 to 2020.</font></div><div style=\"line-height:120%;text-align:left;font-size:10pt;\"><font style=\"font-family:Helvetica,sans-serif;font-size:10pt;\"><br></font></div><div style=\"line-height:120%;text-align:left;font-size:10pt;\"><font style=\"font-family:Helvetica,sans-serif;font-size:10pt;\">Wearables grew by almost 50 percent year-over-year, as Apple Watch and AirPods were wildly popular among holiday shoppers; launches of MacBook Air and Mac mini powered the Mac to year-over-year revenue growth and the launch of the new iPad Pro drove iPad to year-over-year double-digit revenue growth. </font></div><div style=\"line-height:120%;text-align:left;font-size:10pt;\"><font style=\"font-family:Helvetica,sans-serif;font-size:10pt;\"><br></font></div><div style=\"line-height:120%;text-align:left;font-size:10pt;\"><font style=\"font-family:Helvetica,sans-serif;font-size:10pt;\">We also expect to set all-time revenue records in several developed countries, including the United States, Canada, Germany, Italy, Spain, the Netherlands and Korea. And, while we saw challenges in some emerging markets, others set records, including Mexico, Poland, Malaysia and Vietnam.</font></div><div style=\"line-height:120%;text-align:left;font-size:10pt;\"><font style=\"font-family:Helvetica,sans-serif;font-size:10pt;\"><br></font></div><div style=\"line-height:120%;text-align:left;font-size:10pt;\"><font style=\"font-family:Helvetica,sans-serif;font-size:10pt;\">Finally, we also expect to report a new all-time record for Apple&#8217;s earnings per share.</font></div><div><br></div><div style=\"text-align:center;\"><div style=\"line-height:120%;font-size:10pt;\"><font style=\"font-family:inherit;font-size:10pt;\"><br></font></div></div><hr style=\"page-break-after:always\"><div><div style=\"line-height:120%;font-size:10pt;\"><font style=\"font-family:inherit;font-size:10pt;\"><br></font></div></div><div><br></div><div style=\"line-height:120%;text-align:left;font-size:10pt;\"><font style=\"font-family:Helvetica,sans-serif;font-size:10pt;\"><br></font></div><div style=\"line-height:120%;text-align:left;font-size:10pt;\"><font style=\"font-family:Helvetica,sans-serif;font-size:10pt;font-weight:bold;\">Looking Ahead</font></div><div style=\"line-height:120%;text-align:left;font-size:10pt;\"><font style=\"font-family:Helvetica,sans-serif;font-size:10pt;\"><br></font></div><div style=\"line-height:120%;text-align:left;font-size:10pt;\"><font style=\"font-family:Helvetica,sans-serif;font-size:10pt;\">Our profitability and cash flow generation are strong, and we expect to exit the quarter with approximately $130 billion in net cash. As we have stated before, we plan to become net-cash neutral over time.</font></div><div style=\"line-height:120%;text-align:left;font-size:10pt;\"><font style=\"font-family:Helvetica,sans-serif;font-size:10pt;\"><br></font></div><div style=\"line-height:120%;text-align:left;font-size:10pt;\"><font style=\"font-family:Helvetica,sans-serif;font-size:10pt;\">As we exit a challenging quarter, we are as confident as ever in the fundamental strength of our business. We manage Apple for the long term, and Apple has always used periods of adversity to re-examine our approach, to take advantage of our culture of flexibility, adaptability and creativity, and to emerge better as a result. </font></div><div style=\"line-height:120%;text-align:left;font-size:10pt;\"><font style=\"font-family:Helvetica,sans-serif;font-size:10pt;\"><br></font></div><div style=\"line-height:120%;text-align:left;font-size:10pt;\"><font style=\"font-family:Helvetica,sans-serif;font-size:10pt;\">Most importantly, we are confident and excited about our pipeline of future products and services. Apple innovates like no other company on earth, and we are not taking our foot off the gas.</font></div><div style=\"line-height:120%;text-align:left;font-size:10pt;\"><font style=\"font-family:Helvetica,sans-serif;font-size:10pt;\"><br></font></div><div style=\"line-height:120%;text-align:left;font-size:10pt;\"><font style=\"font-family:Helvetica,sans-serif;font-size:10pt;\">We can&#8217;t change macroeconomic conditions, but we are undertaking and accelerating other initiatives to improve our results. One such initiative is making it simple to trade in a phone in our stores, finance the purchase over time, and get help transferring data from the current to the new phone. This is not only great for the environment, it is great for the customer, as their existing phone acts as a subsidy for their new phone, and it is great for developers, as it can help grow our installed base. </font></div><div style=\"line-height:120%;text-align:left;font-size:10pt;\"><font style=\"font-family:Helvetica,sans-serif;font-size:10pt;\"><br></font></div><div style=\"line-height:120%;text-align:left;font-size:10pt;\"><font style=\"font-family:Helvetica,sans-serif;font-size:10pt;\">This is one of a number of steps we are taking to respond. We can make these adjustments because Apple&#8217;s strength is in our resilience, the talent and creativity of our team, and the deeply held passion for the work we do every day.</font></div><div style=\"line-height:120%;text-align:left;font-size:10pt;\"><font style=\"font-family:Helvetica,sans-serif;font-size:10pt;\"><br></font></div><div style=\"line-height:120%;text-align:left;font-size:10pt;\"><font style=\"font-family:Helvetica,sans-serif;font-size:10pt;\">Expectations are high for Apple because they should be. We are committed to exceeding those expectations every day.</font></div><div style=\"line-height:120%;text-align:left;font-size:10pt;\"><font style=\"font-family:Helvetica,sans-serif;font-size:10pt;\"><br></font></div><div style=\"line-height:120%;text-align:left;font-size:10pt;\"><font style=\"font-family:Helvetica,sans-serif;font-size:10pt;\">That has always been the Apple way, and it always will be.</font></div><div style=\"line-height:120%;text-align:left;font-size:10pt;\"><font style=\"font-family:Helvetica,sans-serif;font-size:10pt;\"><br></font></div><div style=\"line-height:120%;text-align:left;font-size:10pt;\"><font style=\"font-family:Helvetica,sans-serif;font-size:10pt;\">Tim</font></div><div style=\"line-height:120%;text-align:left;font-size:10pt;\"><font style=\"font-family:Helvetica,sans-serif;font-size:10pt;\"><br></font></div><div style=\"line-height:120%;text-align:left;font-size:10pt;\"><font style=\"font-family:Helvetica,sans-serif;font-size:10pt;\">The information presented in this letter is preliminary and our actual results may differ. Apple plans to discuss final results during our first quarter conference call on Tuesday, January 29, 2019 at 2:00 p.m. PST / 5:00 p.m. EST.</font></div><div style=\"line-height:120%;text-align:left;font-size:10pt;\"><font style=\"font-family:Helvetica,sans-serif;font-size:10pt;\"><br></font></div><div style=\"line-height:120%;text-align:left;font-size:10pt;\"><font style=\"font-family:Helvetica,sans-serif;font-size:10pt;\">This letter contains forward-looking statements, within the meaning of the Private Securities Litigation Reform Act of 1995. These forward-looking statements include without limitation those about Apple&#8217;s estimated revenue, gross margin, operating expenses, other income/(expense), tax rate, net cash, share count and plans for return of capital. These statements involve risks and uncertainties, and actual results may differ. Risks and uncertainties include without limitation: the effect of global and regional economic conditions on Apple&#8217;s business, including effects on purchasing decisions by consumers and businesses; the ability of Apple to compete in markets that are highly competitive and subject to rapid technological change; the ability of Apple to manage frequent introductions and transitions of products and services, including delivering to the marketplace, and stimulating customer demand for, new products, services and technological innovations on a timely basis; the effect that shifts in the mix of products and services and in the geographic, currency or channel mix, component cost increases, price competition, or the introduction of new products, including new products with higher cost structures, could have on Apple&#8217;s gross margin; the dependency of Apple on the performance of distributors of Apple&#8217;s products, including cellular network carriers and other resellers; the inventory and other asset risks associated with Apple&#8217;s need to order, or commit to order, product components in advance of customer orders; the continued availability on acceptable terms, or at all, of certain components, services and new technologies essential to Apple&#8217;s business, including components and technologies that may only be available from single or limited sources; the dependency of Apple on manufacturing and logistics services provided by third parties, many of which are located outside of the US and which may affect the quality, quantity or cost of products manufactured or services rendered to Apple; the effect of product and services design and manufacturing defects on Apple&#8217;s financial performance and reputation; the dependency of Apple on third-party intellectual property and digital content, which may not be available to Apple on commercially reasonable terms or at all; the dependency of Apple on support from third-party software developers to develop and maintain software applications and services for Apple&#8217;s products; the impact of unfavorable legal proceedings, such as a potential finding that Apple has infringed on the intellectual property rights of others; the impact of changes to laws and regulations that affect Apple&#8217;s activities, including Apple&#8217;s ability to offer products or services to customers in different regions; the ability of Apple to manage risks associated with its international activities, including complying with laws and regulations affecting Apple&#8217;s international operations; the ability of Apple to manage risks </font></div><div><br></div><div style=\"text-align:center;\"><div style=\"line-height:120%;font-size:10pt;\"><font style=\"font-family:inherit;font-size:10pt;\"><br></font></div></div><hr style=\"page-break-after:always\"><div><div style=\"line-height:120%;font-size:10pt;\"><font style=\"font-family:inherit;font-size:10pt;\"><br></font></div></div><div><br></div><div style=\"line-height:120%;text-align:left;font-size:10pt;\"><font style=\"font-family:Helvetica,sans-serif;font-size:10pt;\">associated with Apple&#8217;s retail stores; the ability of Apple to manage risks associated with Apple&#8217;s investments in new business strategies and acquisitions; the impact on Apple&#8217;s business and reputation from information technology system failures, network disruptions or losses or unauthorized access to, or release of, confidential information; the ability of Apple to comply with laws and regulations regarding data protection; the continued service and availability of key executives and employees; political events, international trade disputes, war, terrorism, natural disasters, public health issues, and other business interruptions that could disrupt supply or delivery of, or demand for, Apple&#8217;s products; financial risks, including risks relating to currency fluctuations, credit risks and fluctuations in the market value of Apple&#8217;s investment portfolio; and changes in tax rates and exposure to additional tax liabilities. More information on these risks and other potential factors that could affect Apple&#8217;s financial results is included in Apple&#8217;s filings with the SEC, including in the &#8220;Risk Factors&#8221; and &#8220;Management&#8217;s Discussion and Analysis of Financial Condition and Results of Operations&#8221; sections of Apple&#8217;s most recently filed periodic reports on Form 10-K and Form 10-Q and subsequent filings. Apple assumes no obligation to update any forward-looking statements or information, which speak as of their respective dates.</font></div><div style=\"line-height:120%;text-align:left;font-size:10pt;\"><font style=\"font-family:Helvetica,sans-serif;font-size:10pt;\"><br></font></div><div style=\"line-height:120%;text-align:left;font-size:10pt;\"><font style=\"font-family:Helvetica,sans-serif;font-size:10pt;\">Apple revolutionized personal technology with the introduction of the Macintosh in 1984. Today, Apple leads the world in innovation with iPhone, iPad, Mac, Apple Watch and Apple TV. Apple&#8217;s four software platforms &#8212; iOS, macOS, watchOS and tvOS &#8212; provide seamless experiences across all Apple devices and empower people with breakthrough services including the App Store, Apple Music, Apple Pay and iCloud. Apple&#8217;s more than 100,000 employees are dedicated to making the best products on earth, and to leaving the world better than we found it.</font></div><div style=\"line-height:120%;text-align:left;font-size:10pt;\"><font style=\"font-family:Helvetica,sans-serif;font-size:10pt;\"><br></font></div><div style=\"line-height:120%;text-align:left;font-size:10pt;\"><font style=\"font-family:Helvetica,sans-serif;font-size:10pt;font-weight:bold;\">Press Contact:</font></div><div style=\"line-height:120%;text-align:left;font-size:10pt;\"><font style=\"font-family:Helvetica,sans-serif;font-size:10pt;\">Josh Rosenstock</font></div><div style=\"line-height:120%;text-align:left;font-size:10pt;\"><font style=\"font-family:Helvetica,sans-serif;font-size:10pt;\">Apple</font></div><div style=\"line-height:120%;text-align:left;font-size:10pt;\"><font style=\"font-family:Helvetica,sans-serif;font-size:10pt;\">jrosenstock@apple.com</font></div><div style=\"line-height:120%;text-align:left;font-size:10pt;\"><font style=\"font-family:Helvetica,sans-serif;font-size:10pt;\">(408) 862-1142</font></div><div style=\"line-height:120%;text-align:left;font-size:10pt;\"><font style=\"font-family:Helvetica,sans-serif;font-size:10pt;\"><br></font></div><div style=\"line-height:120%;text-align:left;font-size:10pt;\"><font style=\"font-family:Helvetica,sans-serif;font-size:10pt;font-weight:bold;\">Investor Relations Contacts:</font></div><div style=\"line-height:120%;text-align:left;font-size:10pt;\"><font style=\"font-family:Helvetica,sans-serif;font-size:10pt;\">Nancy Paxton</font></div><div style=\"line-height:120%;text-align:left;font-size:10pt;\"><font style=\"font-family:Helvetica,sans-serif;font-size:10pt;\">Apple</font></div><div style=\"line-height:120%;text-align:left;font-size:10pt;\"><font style=\"font-family:Helvetica,sans-serif;font-size:10pt;\">paxton1@apple.com</font></div><div style=\"line-height:120%;text-align:left;font-size:10pt;\"><font style=\"font-family:Helvetica,sans-serif;font-size:10pt;\">(408) 974-5420</font></div><div style=\"line-height:120%;text-align:left;font-size:10pt;\"><font style=\"font-family:Helvetica,sans-serif;font-size:10pt;\"><br></font></div><div style=\"line-height:120%;text-align:left;font-size:10pt;\"><font style=\"font-family:Helvetica,sans-serif;font-size:10pt;\">Matt Blake</font></div><div style=\"line-height:120%;text-align:left;font-size:10pt;\"><font style=\"font-family:Helvetica,sans-serif;font-size:10pt;\">Apple</font></div><div style=\"line-height:120%;text-align:left;font-size:10pt;\"><font style=\"font-family:Helvetica,sans-serif;font-size:10pt;\">mattblake@apple.com</font></div><div style=\"line-height:120%;text-align:left;font-size:10pt;\"><font style=\"font-family:Helvetica,sans-serif;font-size:10pt;\">(408) 974-7406</font></div><div style=\"line-height:120%;text-align:left;font-size:10pt;\"><font style=\"font-family:Helvetica,sans-serif;font-size:10pt;\"><br></font></div><div style=\"line-height:120%;text-align:left;font-size:10pt;\"><font style=\"font-family:Helvetica,sans-serif;font-size:10pt;\">NOTE TO EDITORS: For additional information visit Apple Newsroom (www.apple.com/newsroom), or call Apple&#8217;s Media Helpline at (408) 974-2042.</font></div><div style=\"line-height:120%;text-align:left;font-size:9pt;\"><font style=\"font-family:Helvetica,sans-serif;font-size:9pt;\"><br></font></div><div style=\"line-height:120%;font-size:9pt;\"><font style=\"font-family:Helvetica,sans-serif;font-size:9pt;\">&#169; 2019 Apple Inc. All rights reserved. Apple and the Apple logo are trademarks of Apple Inc. Other company and product names may be trademarks of their respective owners. </font></div><div><br></div><div style=\"text-align:center;\"><div style=\"line-height:120%;font-size:10pt;\"><font style=\"font-family:inherit;font-size:10pt;\"><br></font></div></div>\t</body>\r\n</html>\r\n"},{"TYPE":"GRAPHIC","SEQUENCE":3,"FILENAME":"g325078g0426062022046a16.jpg","TEXT":"\r\nbegin 644 g325078g0426062022046a16.jpg\r\nM_]C_X  02D9)1@ ! 0$ 8 !@  #_VP!#  @&!@<&!0@'!P<)\"0@*#!0-# L+\r\nM#!D2$P\\4'1H?'AT:'!P@)\"XG(\"(L(QP<*#<I+# Q-#0T'R<Y/3@R/\"XS-#+_\r\nMVP!# 0D)\"0P+#!@-#1@R(1PA,C(R,C(R,C(R,C(R,C(R,C(R,C(R,C(R,C(R\r\nM,C(R,C(R,C(R,C(R,C(R,C(R,C(R,C+_P  1\"  \\ %8# 2(  A$! Q$!_\\0\r\nM'P   04! 0$! 0$           $\" P0%!@<(\"0H+_\\0 M1   @$# P($ P4%\r\nM! 0   %] 0(#  01!1(A,4$&$U%A!R)Q%#*!D:$((T*QP152T? D,V)R@@D*\r\nM%A<8&1HE)B<H*2HT-38W.#DZ0T1%1D=(24I35%565UA96F-D969G:&EJ<W1U\r\nM=G=X>7J#A(6&AXB)BI*3E)66EYB9FJ*CI*6FIZBIJK*SM+6VM[BYNL+#Q,7&\r\nMQ\\C)RM+3U-76U]C9VN'BX^3EYN?HZ>KQ\\O/T]?;W^/GZ_\\0 'P$  P$! 0$!\r\nM 0$! 0        $\" P0%!@<(\"0H+_\\0 M1$  @$\"! 0#! <%! 0  0)W  $\"\r\nM Q$$!2$Q!A)!40=A<1,B,H$(%$*1H;'!\"2,S4O 58G+1\"A8D-.$E\\1<8&1HF\r\nM)R@I*C4V-S@Y.D-$149'2$E*4U155E=865IC9&5F9VAI:G-T=79W>'EZ@H.$\r\nMA8:'B(F*DI.4E9:7F)F:HJ.DI::GJ*FJLK.TM;:WN+FZPL/$Q<;'R,G*TM/4\r\nMU=;7V-G:XN/DY>;GZ.GJ\\O/T]?;W^/GZ_]H # ,!  (1 Q$ /P#W^BBB@ HH\r\nMHH *P_$_BW1_\"&F_;=7NA$AX1!R[GT [UN5\\J>.K?Q)\\2/BC?6>GV=Q/#:S&\r\nMVA^4B.)5.\"Q/09.30!] >!/'-KX[L+N]L[2:WA@E\\M3+C+\\9SQ75US7@3PG!\r\nMX,\\+6VDQL'E4;YI!_$YZ_A72T %%%% !1110 4444 4=8U:TT+2+K4[Z01VU\r\nMM&7=OZ?4U\\J>,?C'XE\\27LJV5Y+INGY(CAMVVL1ZLPYS7JW[1>I2VO@RPL8V\r\nM*I=W?[S'<(,X_,C\\J^8Z .IT;XC>+=\"N!+::Y=L,Y,<\\AD0_@U:^M_&7QEK4\r\nM/D_V@ME&1\\PLT\\LM]3U_6O/Z* -JT\\7^([&Y%Q;:YJ\"2@YS]H8Y^H)YKZ?\\\r\nMA!XOU[Q9X>>;6[,J8B%CO,;1./IZBOE?0-/&J^(-/L&.%N)TC/T)K[DTZPM]\r\nM+TZWLK6-8X84\"*JC@ 4 6J*** \"BBB@ HHHH \\<_:,T][CP787J#*VMYA_8,\r\nMI&?S KYCK[D\\7:!%XH\\*:CH\\N!]IA*HQ_A<<J?P(%?$=_8W&FW\\]E=QF.X@D\r\nM,<B$<@@XH KT444 6M-OI--U.UOHOOP2K(/P.:^V?\"?B:P\\5Z#;ZC8S*X=!Y\r\nMB \\HW<$5\\.5[C^SMH5_-J][K)EFCL(4\\H(&(65S[=\\#^= 'T=1110 4444 %\r\nM%%% !7C?Q?\\ A-)XED.NZ%&O]I!<3P]/. Z$>]>R44 ?'FC_  >\\9ZO=>4=+\r\nM>T0'#27!\"@?XUOZE^SYXJL[0S6T]I>.!DQ(Q!_#-?4E% 'R%H'P<\\6ZOJR6U\r\nMUILEC;AOWL\\V  .^/6OJCPYX?LO#&A6VE6\"!88%QGNQ[D^YK5HH **** \"BB\r\n$B@#_V0$!\r\n\r\nend\r\n"}]}]