[{"fiscal_year":1999,"fiscal_quarter":2,"eps":0.15,"revenue":null,"consensus_eps_estimate":null,"consensus_revenue_estimate":null,"wallstreet_revenue_estimate":null,"wallstreet_eps_estimate":0.0,"consensus_weighted_revenue_estimate":null,"consensus_weighted_eps_estimate":null,"release_date":"1999-03-01T05:00:00-05:00","id":"4e67206d7cb02d7af70073c6"},{"fiscal_year":1999,"fiscal_quarter":3,"eps":0.173,"revenue":null,"consensus_eps_estimate":null,"consensus_revenue_estimate":null,"wallstreet_revenue_estimate":null,"wallstreet_eps_estimate":0.0,"consensus_weighted_revenue_estimate":null,"consensus_weighted_eps_estimate":null,"release_date":"1999-06-01T04:00:00-04:00","id":"4e67206d7cb02d7af70073c7"},{"fiscal_year":1999,"fiscal_quarter":4,"eps":0.128,"revenue":null,"consensus_eps_estimate":null,"consensus_revenue_estimate":null,"wallstreet_revenue_estimate":null,"wallstreet_eps_estimate":0.19,"consensus_weighted_revenue_estimate":null,"consensus_weighted_eps_estimate":null,"release_date":"1999-09-01T04:00:00-04:00","id":"4e67206d7cb02d7af70073c8"},{"fiscal_year":2000,"fiscal_quarter":1,"eps":0.25,"revenue":null,"consensus_eps_estimate":null,"consensus_revenue_estimate":null,"wallstreet_revenue_estimate":null,"wallstreet_eps_estimate":0.22,"consensus_weighted_revenue_estimate":null,"consensus_weighted_eps_estimate":null,"release_date":"1999-12-01T05:00:00-05:00","id":"4e67206d7cb02d7af70073c9"},{"fiscal_year":2000,"fiscal_quarter":2,"eps":0.03,"revenue":1945.0,"consensus_eps_estimate":null,"consensus_revenue_estimate":null,"wallstreet_revenue_estimate":0.0,"wallstreet_eps_estimate":0.03,"consensus_weighted_revenue_estimate":null,"consensus_weighted_eps_estimate":null,"release_date":"2000-03-01T05:00:00-05:00","id":"4e67206d7cb02d7af70073ca"},{"fiscal_year":2000,"fiscal_quarter":3,"eps":0.03,"revenue":1825.0,"consensus_eps_estimate":null,"consensus_revenue_estimate":null,"wallstreet_revenue_estimate":1936.58,"wallstreet_eps_estimate":0.03,"consensus_weighted_revenue_estimate":null,"consensus_weighted_eps_estimate":null,"release_date":"2000-06-01T04:00:00-04:00","id":"4e67206d7cb02d7af70073cb"},{"fiscal_year":2000,"fiscal_quarter":4,"eps":0.02,"revenue":1870.0,"consensus_eps_estimate":null,"consensus_revenue_estimate":null,"wallstreet_revenue_estimate":1860.43,"wallstreet_eps_estimate":0.02,"consensus_weighted_revenue_estimate":null,"consensus_weighted_eps_estimate":null,"release_date":"2000-09-01T04:00:00-04:00","id":"4e67206d7cb02d7af70073cc"},{"fiscal_year":2001,"fiscal_quarter":1,"eps":0.0,"revenue":1007.0,"consensus_eps_estimate":null,"consensus_revenue_estimate":null,"wallstreet_revenue_estimate":1005.77,"wallstreet_eps_estimate":0.0,"consensus_weighted_revenue_estimate":null,"consensus_weighted_eps_estimate":null,"release_date":"2000-12-01T05:00:00-05:00","id":"4e67206d7cb02d7af70073cd"},{"fiscal_year":2001,"fiscal_quarter":2,"eps":0.01,"revenue":1431.0,"consensus_eps_estimate":null,"consensus_revenue_estimate":null,"wallstreet_revenue_estimate":1399.98,"wallstreet_eps_estimate":0.0,"consensus_weighted_revenue_estimate":null,"consensus_weighted_eps_estimate":null,"release_date":"2001-03-01T05:00:00-05:00","id":"4e67206d7cb02d7af70073ce"},{"fiscal_year":2001,"fiscal_quarter":3,"eps":0.01,"revenue":1475.0,"consensus_eps_estimate":null,"consensus_revenue_estimate":null,"wallstreet_revenue_estimate":1542.32,"wallstreet_eps_estimate":0.01,"consensus_weighted_revenue_estimate":null,"consensus_weighted_eps_estimate":null,"release_date":"2001-06-01T04:00:00-04:00","id":"4e67206d7cb02d7af70073cf"},{"fiscal_year":2001,"fiscal_quarter":4,"eps":0.01,"revenue":1450.0,"consensus_eps_estimate":null,"consensus_revenue_estimate":null,"wallstreet_revenue_estimate":1498.25,"wallstreet_eps_estimate":0.01,"consensus_weighted_revenue_estimate":null,"consensus_weighted_eps_estimate":null,"release_date":"2001-09-01T04:00:00-04:00","id":"4e67206d7cb02d7af70073d0"},{"fiscal_year":2002,"fiscal_quarter":1,"eps":0.01,"revenue":1375.0,"consensus_eps_estimate":null,"consensus_revenue_estimate":null,"wallstreet_revenue_estimate":1427.64,"wallstreet_eps_estimate":0.01,"consensus_weighted_revenue_estimate":null,"consensus_weighted_eps_estimate":null,"release_date":"2001-12-01T05:00:00-05:00","id":"4e67206d7cb02d7af70073d1"},{"fiscal_year":2002,"fiscal_quarter":2,"eps":0.01,"revenue":1495.0,"consensus_eps_estimate":null,"consensus_revenue_estimate":null,"wallstreet_revenue_estimate":1459.93,"wallstreet_eps_estimate":0.01,"consensus_weighted_revenue_estimate":null,"consensus_weighted_eps_estimate":null,"release_date":"2002-03-01T05:00:00-05:00","id":"4e67206d7cb02d7af70073d2"},{"fiscal_year":2002,"fiscal_quarter":3,"eps":0.01,"revenue":1429.0,"consensus_eps_estimate":null,"consensus_revenue_estimate":null,"wallstreet_revenue_estimate":1418.2,"wallstreet_eps_estimate":0.01,"consensus_weighted_revenue_estimate":null,"consensus_weighted_eps_estimate":null,"release_date":"2002-06-01T04:00:00-04:00","id":"4e67206d7cb02d7af70073d3"},{"fiscal_year":2002,"fiscal_quarter":4,"eps":0.0,"revenue":1443.0,"consensus_eps_estimate":null,"consensus_revenue_estimate":null,"wallstreet_revenue_estimate":1432.17,"wallstreet_eps_estimate":0.0,"consensus_weighted_revenue_estimate":null,"consensus_weighted_eps_estimate":null,"release_date":"2002-09-01T04:00:00-04:00","id":"4e67206d7cb02d7af70073d4"},{"fiscal_year":2003,"fiscal_quarter":1,"eps":0.0,"revenue":1472.0,"consensus_eps_estimate":null,"consensus_revenue_estimate":null,"wallstreet_revenue_estimate":1484.27,"wallstreet_eps_estimate":0.0,"consensus_weighted_revenue_estimate":null,"consensus_weighted_eps_estimate":null,"release_date":"2002-12-01T05:00:00-05:00","id":"4e67206d7cb02d7af70073d5"},{"fiscal_year":2003,"fiscal_quarter":2,"eps":0.0,"revenue":1475.0,"consensus_eps_estimate":null,"consensus_revenue_estimate":null,"wallstreet_revenue_estimate":1462.4,"wallstreet_eps_estimate":0.0,"consensus_weighted_revenue_estimate":null,"consensus_weighted_eps_estimate":null,"release_date":"2003-03-01T05:00:00-05:00","id":"4e67206d7cb02d7af70073d6"},{"fiscal_year":2003,"fiscal_quarter":3,"eps":0.0,"revenue":1545.0,"consensus_eps_estimate":null,"consensus_revenue_estimate":null,"wallstreet_revenue_estimate":1484.8,"wallstreet_eps_estimate":0.0,"consensus_weighted_revenue_estimate":null,"consensus_weighted_eps_estimate":null,"release_date":"2003-06-01T04:00:00-04:00","id":"4e67206d7cb02d7af70073d7"},{"fiscal_year":2003,"fiscal_quarter":4,"eps":0.01,"revenue":1715.0,"consensus_eps_estimate":null,"consensus_revenue_estimate":null,"wallstreet_revenue_estimate":1651.89,"wallstreet_eps_estimate":0.01,"consensus_weighted_revenue_estimate":null,"consensus_weighted_eps_estimate":null,"release_date":"2003-09-01T04:00:00-04:00","id":"4e67206d7cb02d7af70073d8"},{"fiscal_year":2004,"fiscal_quarter":1,"eps":0.01,"revenue":2006.0,"consensus_eps_estimate":null,"consensus_revenue_estimate":null,"wallstreet_revenue_estimate":1925.17,"wallstreet_eps_estimate":0.01,"consensus_weighted_revenue_estimate":null,"consensus_weighted_eps_estimate":null,"release_date":"2003-12-01T05:00:00-05:00","id":"4e67206d7cb02d7af70073d9"},{"fiscal_year":2004,"fiscal_quarter":2,"eps":0.01,"revenue":1909.0,"consensus_eps_estimate":null,"consensus_revenue_estimate":null,"wallstreet_revenue_estimate":1809.86,"wallstreet_eps_estimate":0.01,"consensus_weighted_revenue_estimate":null,"consensus_weighted_eps_estimate":null,"release_date":"2004-03-01T05:00:00-05:00","id":"4e67206d7cb02d7af70073da"},{"fiscal_year":2004,"fiscal_quarter":3,"eps":0.01,"revenue":2014.0,"consensus_eps_estimate":null,"consensus_revenue_estimate":null,"wallstreet_revenue_estimate":1944.58,"wallstreet_eps_estimate":0.01,"consensus_weighted_revenue_estimate":null,"consensus_weighted_eps_estimate":null,"release_date":"2004-06-01T04:00:00-04:00","id":"4e67206d7cb02d7af70073db"},{"fiscal_year":2004,"fiscal_quarter":4,"eps":0.02,"revenue":2350.0,"consensus_eps_estimate":null,"consensus_revenue_estimate":null,"wallstreet_revenue_estimate":2146.67,"wallstreet_eps_estimate":0.01,"consensus_weighted_revenue_estimate":null,"consensus_weighted_eps_estimate":null,"release_date":"2004-09-01T04:00:00-04:00","id":"4e67206d7cb02d7af70073dc"},{"fiscal_year":2005,"fiscal_quarter":1,"eps":0.05,"revenue":3490.0,"consensus_eps_estimate":null,"consensus_revenue_estimate":null,"wallstreet_revenue_estimate":3164.53,"wallstreet_eps_estimate":0.03,"consensus_weighted_revenue_estimate":null,"consensus_weighted_eps_estimate":null,"release_date":"2004-12-01T05:00:00-05:00","id":"4e67206d7cb02d7af70073dd"},{"fiscal_year":2005,"fiscal_quarter":2,"eps":0.05,"revenue":3243.0,"consensus_eps_estimate":null,"consensus_revenue_estimate":null,"wallstreet_revenue_estimate":3173.84,"wallstreet_eps_estimate":0.03,"consensus_weighted_revenue_estimate":null,"consensus_weighted_eps_estimate":null,"release_date":"2005-03-01T05:00:00-05:00","id":"4e67206d7cb02d7af70073de"},{"fiscal_year":2005,"fiscal_quarter":3,"eps":0.05,"revenue":3520.0,"consensus_eps_estimate":null,"consensus_revenue_estimate":null,"wallstreet_revenue_estimate":3330.25,"wallstreet_eps_estimate":0.04,"consensus_weighted_revenue_estimate":null,"consensus_weighted_eps_estimate":null,"release_date":"2005-06-01T04:00:00-04:00","id":"4e67206d7cb02d7af70073df"},{"fiscal_year":2005,"fiscal_quarter":4,"eps":0.05,"revenue":3678.0,"consensus_eps_estimate":null,"consensus_revenue_estimate":null,"wallstreet_revenue_estimate":3730.81,"wallstreet_eps_estimate":0.05,"consensus_weighted_revenue_estimate":null,"consensus_weighted_eps_estimate":null,"release_date":"2005-09-01T04:00:00-04:00","id":"4e67206d7cb02d7af70073e0"},{"fiscal_year":2006,"fiscal_quarter":1,"eps":0.1,"revenue":5749.0,"consensus_eps_estimate":null,"consensus_revenue_estimate":null,"wallstreet_revenue_estimate":5697.12,"wallstreet_eps_estimate":0.09,"consensus_weighted_revenue_estimate":null,"consensus_weighted_eps_estimate":null,"release_date":"2005-12-01T05:00:00-05:00","id":"4e67206d7cb02d7af70073e1"},{"fiscal_year":2006,"fiscal_quarter":2,"eps":0.07,"revenue":4359.0,"consensus_eps_estimate":null,"consensus_revenue_estimate":null,"wallstreet_revenue_estimate":4496.35,"wallstreet_eps_estimate":0.06,"consensus_weighted_revenue_estimate":null,"consensus_weighted_eps_estimate":null,"release_date":"2006-03-01T05:00:00-05:00","id":"4e67206d7cb02d7af70073e2"},{"fiscal_year":2006,"fiscal_quarter":3,"eps":0.08,"revenue":4370.0,"consensus_eps_estimate":null,"consensus_revenue_estimate":null,"wallstreet_revenue_estimate":4389.23,"wallstreet_eps_estimate":0.06,"consensus_weighted_revenue_estimate":null,"consensus_weighted_eps_estimate":null,"release_date":"2006-06-01T04:00:00-04:00","id":"4e67206d7cb02d7af70073e3"},{"fiscal_year":2006,"fiscal_quarter":4,"eps":0.09,"revenue":4837.0,"consensus_eps_estimate":null,"consensus_revenue_estimate":null,"wallstreet_revenue_estimate":4667.86,"wallstreet_eps_estimate":0.07,"consensus_weighted_revenue_estimate":null,"consensus_weighted_eps_estimate":null,"release_date":"2006-09-01T04:00:00-04:00","id":"4e67206d7cb02d7af70073e4"},{"fiscal_year":2007,"fiscal_quarter":1,"eps":0.16,"revenue":7115.0,"consensus_eps_estimate":null,"consensus_revenue_estimate":null,"wallstreet_revenue_estimate":6426.63,"wallstreet_eps_estimate":0.11,"consensus_weighted_revenue_estimate":null,"consensus_weighted_eps_estimate":null,"release_date":"2006-12-01T05:00:00-05:00","id":"4e67206d7cb02d7af70073e5"},{"fiscal_year":2007,"fiscal_quarter":2,"eps":0.12,"revenue":5264.0,"consensus_eps_estimate":null,"consensus_revenue_estimate":null,"wallstreet_revenue_estimate":5167.24,"wallstreet_eps_estimate":0.09,"consensus_weighted_revenue_estimate":null,"consensus_weighted_eps_estimate":null,"release_date":"2007-03-01T05:00:00-05:00","id":"4e67206e7cb02d7af70073e6"},{"fiscal_year":2007,"fiscal_quarter":3,"eps":0.13,"revenue":5410.0,"consensus_eps_estimate":null,"consensus_revenue_estimate":null,"wallstreet_revenue_estimate":5292.72,"wallstreet_eps_estimate":0.1,"consensus_weighted_revenue_estimate":null,"consensus_weighted_eps_estimate":null,"release_date":"2007-06-01T04:00:00-04:00","id":"4e67206e7cb02d7af70073e7"},{"fiscal_year":2007,"fiscal_quarter":4,"eps":0.14,"revenue":6606.0,"consensus_eps_estimate":null,"consensus_revenue_estimate":null,"wallstreet_revenue_estimate":6059.29,"wallstreet_eps_estimate":0.12,"consensus_weighted_revenue_estimate":null,"consensus_weighted_eps_estimate":null,"release_date":"2007-09-01T04:00:00-04:00","id":"4e67206e7cb02d7af70073e8"},{"fiscal_year":2008,"fiscal_quarter":1,"eps":0.26,"revenue":10430.0,"consensus_eps_estimate":null,"consensus_revenue_estimate":null,"wallstreet_revenue_estimate":0.0,"wallstreet_eps_estimate":0.0,"consensus_weighted_revenue_estimate":null,"consensus_weighted_eps_estimate":null,"release_date":"2007-12-01T05:00:00-05:00","id":"4e67206e7cb02d7af70073e9"},{"fiscal_year":2008,"fiscal_quarter":2,"eps":0.17,"revenue":7980.0,"consensus_eps_estimate":null,"consensus_revenue_estimate":null,"wallstreet_revenue_estimate":6958.51,"wallstreet_eps_estimate":0.16,"consensus_weighted_revenue_estimate":null,"consensus_weighted_eps_estimate":null,"release_date":"2008-03-01T05:00:00-05:00","id":"4e67206e7cb02d7af70073ea"},{"fiscal_year":2008,"fiscal_quarter":3,"eps":0.18,"revenue":7561.0,"consensus_eps_estimate":null,"consensus_revenue_estimate":null,"wallstreet_revenue_estimate":7375.13,"wallstreet_eps_estimate":0.15,"consensus_weighted_revenue_estimate":null,"consensus_weighted_eps_estimate":null,"release_date":"2008-07-21T11:55:00-04:00","id":"4e67206e7cb02d7af70073eb"},{"fiscal_year":2008,"fiscal_quarter":4,"eps":0.35,"revenue":11520.0,"consensus_eps_estimate":null,"consensus_revenue_estimate":null,"wallstreet_revenue_estimate":8047.84,"wallstreet_eps_estimate":0.16,"consensus_weighted_revenue_estimate":null,"consensus_weighted_eps_estimate":null,"release_date":"2008-10-21T11:55:00-04:00","id":"4e67206e7cb02d7af70073ec"},{"fiscal_year":2009,"fiscal_quarter":1,"eps":0.36,"revenue":11880.0,"consensus_eps_estimate":null,"consensus_revenue_estimate":null,"wallstreet_revenue_estimate":12086.73,"wallstreet_eps_estimate":0.3,"consensus_weighted_revenue_estimate":null,"consensus_weighted_eps_estimate":null,"release_date":"2009-01-21T10:55:00-05:00","id":"4e67206e7cb02d7af70073ed"},{"fiscal_year":2009,"fiscal_quarter":2,"eps":0.26,"revenue":9084.0,"consensus_eps_estimate":null,"consensus_revenue_estimate":null,"wallstreet_revenue_estimate":7947.74,"wallstreet_eps_estimate":0.16,"consensus_weighted_revenue_estimate":null,"consensus_weighted_eps_estimate":null,"release_date":"2009-04-22T11:55:00-04:00","id":"4e67206e7cb02d7af70073ee"},{"fiscal_year":2009,"fiscal_quarter":4,"eps":0.4,"revenue":12207.0,"consensus_eps_estimate":null,"consensus_revenue_estimate":null,"wallstreet_revenue_estimate":9232.76,"wallstreet_eps_estimate":0.21,"consensus_weighted_revenue_estimate":null,"consensus_weighted_eps_estimate":null,"release_date":"2009-10-19T11:55:00-04:00","id":"4e67206e7cb02d7af70073f0"},{"fiscal_year":2010,"fiscal_quarter":1,"eps":0.52,"revenue":15683.0,"consensus_eps_estimate":null,"consensus_revenue_estimate":null,"wallstreet_revenue_estimate":12086.73,"wallstreet_eps_estimate":0.3,"consensus_weighted_revenue_estimate":null,"consensus_weighted_eps_estimate":null,"release_date":"2010-01-25T10:55:00-05:00","id":"4e67206e7cb02d7af70073f1"},{"fiscal_year":2010,"fiscal_quarter":2,"eps":0.48,"revenue":13499.0,"consensus_eps_estimate":null,"consensus_revenue_estimate":null,"wallstreet_revenue_estimate":12036.34,"wallstreet_eps_estimate":0.35,"consensus_weighted_revenue_estimate":null,"consensus_weighted_eps_estimate":null,"release_date":"2010-04-20T11:55:00-04:00","id":"4e67206e7cb02d7af70073f2"},{"fiscal_year":2010,"fiscal_quarter":3,"eps":0.5,"revenue":15700.0,"consensus_eps_estimate":null,"consensus_revenue_estimate":null,"wallstreet_revenue_estimate":14746.2,"wallstreet_eps_estimate":0.44,"consensus_weighted_revenue_estimate":null,"consensus_weighted_eps_estimate":null,"release_date":"2010-07-20T11:55:00-04:00","id":"4e67206e7cb02d7af70073f3"},{"fiscal_year":2013,"fiscal_quarter":1,"eps":1.97,"revenue":54512.0,"consensus_eps_estimate":2.02725806451613,"consensus_revenue_estimate":55375.0458333333,"wallstreet_revenue_estimate":54800.24,"wallstreet_eps_estimate":1.92,"consensus_weighted_revenue_estimate":55390.0430867514,"consensus_weighted_eps_estimate":2.00833659481659,"release_date":"2013-01-23T16:00:00-05:00","id":"4e67206e7cb02d7af70073fd"},{"fiscal_year":2020,"fiscal_quarter":2,"eps":null,"revenue":null,"consensus_eps_estimate":2.80411764705882,"consensus_revenue_estimate":60739.1666666667,"wallstreet_revenue_estimate":60413.2,"wallstreet_eps_estimate":2.767,"consensus_weighted_revenue_estimate":60655.1018349501,"consensus_weighted_eps_estimate":2.76225170396185,"release_date":"2020-04-28T16:00:00-04:00","id":"161288"},{"fiscal_year":2011,"fiscal_quarter":1,"eps":0.92,"revenue":26741.0,"consensus_eps_estimate":0.883636363636364,"consensus_revenue_estimate":26467.2727272727,"wallstreet_revenue_estimate":24433.0,"wallstreet_eps_estimate":0.77,"consensus_weighted_revenue_estimate":26398.757905171,"consensus_weighted_eps_estimate":0.898629894095111,"release_date":"2011-01-18T16:00:00-05:00","id":"4e67206e7cb02d7af70073f5"},{"fiscal_year":2011,"fiscal_quarter":3,"eps":1.11,"revenue":28571.0,"consensus_eps_estimate":0.96,"consensus_revenue_estimate":26689.2857142857,"wallstreet_revenue_estimate":24960.8,"wallstreet_eps_estimate":0.83,"consensus_weighted_revenue_estimate":26724.6278882406,"consensus_weighted_eps_estimate":0.960026072988504,"release_date":"2011-07-19T16:00:00-04:00","id":"4e67206e7cb02d7af70073f7"},{"fiscal_year":2010,"fiscal_quarter":4,"eps":0.66,"revenue":20343.0,"consensus_eps_estimate":0.675555555555556,"consensus_revenue_estimate":20374.4444444444,"wallstreet_revenue_estimate":18929.44,"wallstreet_eps_estimate":0.58,"consensus_weighted_revenue_estimate":20228.495088174,"consensus_weighted_eps_estimate":0.670673457744313,"release_date":"2010-10-18T16:00:00-04:00","id":"4e67206e7cb02d7af70073f4"},{"fiscal_year":2015,"fiscal_quarter":4,"eps":1.96,"revenue":51501.0,"consensus_eps_estimate":1.91513080168779,"consensus_revenue_estimate":51352.388910473,"wallstreet_revenue_estimate":50846.022,"wallstreet_eps_estimate":1.878,"consensus_weighted_revenue_estimate":51341.506334884,"consensus_weighted_eps_estimate":1.91893465757299,"release_date":"2015-10-27T16:00:00-04:00","id":"5275dfb4d2500546bf0003bb"},{"fiscal_year":2015,"fiscal_quarter":1,"eps":3.06,"revenue":74599.0,"consensus_eps_estimate":2.61790940766551,"consensus_revenue_estimate":67738.1951219512,"wallstreet_revenue_estimate":67622.625,"wallstreet_eps_estimate":2.601,"consensus_weighted_revenue_estimate":68254.9060579162,"consensus_weighted_eps_estimate":2.65280245684867,"release_date":"2015-01-27T16:00:00-05:00","id":"51206b36810f8d16b000101f"},{"fiscal_year":2011,"fiscal_quarter":4,"eps":1.01,"revenue":28270.0,"consensus_eps_estimate":1.1265,"consensus_revenue_estimate":30244.5,"wallstreet_revenue_estimate":29685.55,"wallstreet_eps_estimate":1.06,"consensus_weighted_revenue_estimate":30419.0981177218,"consensus_weighted_eps_estimate":1.13789173581909,"release_date":"2011-10-18T16:00:00-04:00","id":"4e67206e7cb02d7af70073f8"},{"fiscal_year":2011,"fiscal_quarter":2,"eps":0.91,"revenue":24667.0,"consensus_eps_estimate":0.914285714285714,"consensus_revenue_estimate":25341.4285714286,"wallstreet_revenue_estimate":23383.45,"wallstreet_eps_estimate":0.77,"consensus_weighted_revenue_estimate":25345.1149447028,"consensus_weighted_eps_estimate":0.913924042328536,"release_date":"2011-04-20T16:00:00-04:00","id":"4e67206e7cb02d7af70073f6"},{"fiscal_year":2015,"fiscal_quarter":2,"eps":2.33,"revenue":58010.0,"consensus_eps_estimate":2.27423690205011,"consensus_revenue_estimate":57376.1248747153,"wallstreet_revenue_estimate":56595.166,"wallstreet_eps_estimate":2.193,"consensus_weighted_revenue_estimate":57499.0359803419,"consensus_weighted_eps_estimate":2.28564881544831,"release_date":"2015-04-27T16:00:00-04:00","id":"517cb411810f8d7378000152"},{"fiscal_year":2020,"fiscal_quarter":1,"eps":null,"revenue":null,"consensus_eps_estimate":4.47980392156863,"consensus_revenue_estimate":85480.5740740741,"wallstreet_revenue_estimate":86038.2,"wallstreet_eps_estimate":4.413,"consensus_weighted_revenue_estimate":85248.2379346906,"consensus_weighted_eps_estimate":4.43160052279108,"release_date":"2020-01-28T16:00:00-05:00","id":"158306"},{"fiscal_year":2012,"fiscal_quarter":1,"eps":1.98,"revenue":46333.0,"consensus_eps_estimate":1.49317307692308,"consensus_revenue_estimate":39397.2596153846,"wallstreet_revenue_estimate":38653.62,"wallstreet_eps_estimate":1.44,"consensus_weighted_revenue_estimate":40216.4856357337,"consensus_weighted_eps_estimate":1.54988100752523,"release_date":"2012-01-24T16:00:00-05:00","id":"4e67206e7cb02d7af70073f9"},{"fiscal_year":2014,"fiscal_quarter":2,"eps":1.66,"revenue":45646.0,"consensus_eps_estimate":1.49174698795181,"consensus_revenue_estimate":44211.4759036145,"wallstreet_revenue_estimate":43594.314,"wallstreet_eps_estimate":1.46,"consensus_weighted_revenue_estimate":43967.4972858865,"consensus_weighted_eps_estimate":1.48164623179478,"release_date":"2014-04-23T16:00:00-04:00","id":"510c4290810f8d63ab0000ab"},{"fiscal_year":2014,"fiscal_quarter":1,"eps":2.07,"revenue":57600.0,"consensus_eps_estimate":2.05495327102804,"consensus_revenue_estimate":57958.0775233645,"wallstreet_revenue_estimate":57232.33,"wallstreet_eps_estimate":2.01,"consensus_weighted_revenue_estimate":58163.0334772876,"consensus_weighted_eps_estimate":2.06062560806843,"release_date":"2014-01-27T16:00:00-05:00","id":"510c4290810f8d63ab0000a8"},{"fiscal_year":2014,"fiscal_quarter":4,"eps":1.42,"revenue":42123.0,"consensus_eps_estimate":1.36417004048583,"consensus_revenue_estimate":40489.9547773279,"wallstreet_revenue_estimate":39964.524,"wallstreet_eps_estimate":1.302,"consensus_weighted_revenue_estimate":40432.9782001566,"consensus_weighted_eps_estimate":1.36644517179363,"release_date":"2014-10-20T16:00:00-04:00","id":"51206b36810f8d16b000101e"},{"fiscal_year":2016,"fiscal_quarter":2,"eps":1.9,"revenue":50557.0,"consensus_eps_estimate":2.02771531100479,"consensus_revenue_estimate":52218.4586826347,"wallstreet_revenue_estimate":51511.425,"wallstreet_eps_estimate":1.971,"consensus_weighted_revenue_estimate":51879.3219911305,"consensus_weighted_eps_estimate":2.00726496596014,"release_date":"2016-04-26T16:00:00-04:00","id":"535c963253c804e0d50002d3"},{"fiscal_year":2012,"fiscal_quarter":3,"eps":1.33,"revenue":35023.0,"consensus_eps_estimate":1.63476190476191,"consensus_revenue_estimate":39244.5052993197,"wallstreet_revenue_estimate":37491.854,"wallstreet_eps_estimate":1.48,"consensus_weighted_revenue_estimate":39289.9291312636,"consensus_weighted_eps_estimate":1.63542703722744,"release_date":"2012-07-24T16:00:00-04:00","id":"4e67206e7cb02d7af70073fb"},{"fiscal_year":2012,"fiscal_quarter":4,"eps":1.24,"revenue":35966.0,"consensus_eps_estimate":1.34864457831325,"consensus_revenue_estimate":37191.5480301205,"wallstreet_revenue_estimate":35800.0,"wallstreet_eps_estimate":1.25,"consensus_weighted_revenue_estimate":37057.7574822239,"consensus_weighted_eps_estimate":1.33529656782685,"release_date":"2012-10-25T16:00:00-04:00","id":"4e67206e7cb02d7af70073fc"},{"fiscal_year":2016,"fiscal_quarter":3,"eps":1.42,"revenue":42358.0,"consensus_eps_estimate":1.43405099150143,"consensus_revenue_estimate":42308.0498864711,"wallstreet_revenue_estimate":41845.977,"wallstreet_eps_estimate":1.384,"consensus_weighted_revenue_estimate":41983.5901086072,"consensus_weighted_eps_estimate":1.41312443040972,"release_date":"2016-07-26T16:00:00-04:00","id":"53d48f1c53c804c98d0002bd"},{"fiscal_year":2015,"fiscal_quarter":3,"eps":1.85,"revenue":49605.0,"consensus_eps_estimate":1.86152317880795,"consensus_revenue_estimate":49590.9386401327,"wallstreet_revenue_estimate":49162.667,"wallstreet_eps_estimate":1.804,"consensus_weighted_revenue_estimate":49723.904144274,"consensus_weighted_eps_estimate":1.86910724769805,"release_date":"2015-07-21T16:00:00-04:00","id":"51f4ac97810f8d67df000136"},{"fiscal_year":2018,"fiscal_quarter":3,"eps":2.34,"revenue":53265.0,"consensus_eps_estimate":2.20681547619049,"consensus_revenue_estimate":52858.0253731343,"wallstreet_revenue_estimate":52367.886,"wallstreet_eps_estimate":2.173,"consensus_weighted_revenue_estimate":52755.8431910539,"consensus_weighted_eps_estimate":2.21790591161658,"release_date":"2018-07-31T16:00:00-04:00","id":"136224"},{"fiscal_year":2012,"fiscal_quarter":2,"eps":1.76,"revenue":39186.0,"consensus_eps_estimate":1.66791304347826,"consensus_revenue_estimate":39473.4434782609,"wallstreet_revenue_estimate":36587.923,"wallstreet_eps_estimate":1.43,"consensus_weighted_revenue_estimate":39804.0674925979,"consensus_weighted_eps_estimate":1.68688464270212,"release_date":"2012-04-24T16:00:00-04:00","id":"4e67206e7cb02d7af70073fa"},{"fiscal_year":2016,"fiscal_quarter":4,"eps":1.67,"revenue":46852.0,"consensus_eps_estimate":1.70380614657211,"consensus_revenue_estimate":47208.3975207592,"wallstreet_revenue_estimate":46825.749,"wallstreet_eps_estimate":1.666,"consensus_weighted_revenue_estimate":47174.5338778224,"consensus_weighted_eps_estimate":1.70942149214456,"release_date":"2016-10-25T16:00:00-04:00","id":"544c875b53c804751d00029f"},{"fiscal_year":2013,"fiscal_quarter":2,"eps":1.44,"revenue":43603.0,"consensus_eps_estimate":1.51905213270142,"consensus_revenue_estimate":42737.3838862559,"wallstreet_revenue_estimate":42362.236,"wallstreet_eps_estimate":1.45,"consensus_weighted_revenue_estimate":42644.4790943619,"consensus_weighted_eps_estimate":1.49433417402775,"release_date":"2013-04-23T16:00:00-04:00","id":"4e67206e7cb02d7af70073fe"},{"fiscal_year":2013,"fiscal_quarter":4,"eps":1.18,"revenue":37500.0,"consensus_eps_estimate":1.15326086956522,"consensus_revenue_estimate":37416.8550724638,"wallstreet_revenue_estimate":36860.212,"wallstreet_eps_estimate":1.13,"consensus_weighted_revenue_estimate":37294.8304749786,"consensus_weighted_eps_estimate":1.15419235079401,"release_date":"2013-10-28T16:00:00-04:00","id":"4e67206e7cb02d7af7007400"},{"fiscal_year":2014,"fiscal_quarter":3,"eps":1.28,"revenue":37432.0,"consensus_eps_estimate":1.29053191489362,"consensus_revenue_estimate":38693.3057446809,"wallstreet_revenue_estimate":38002.498,"wallstreet_eps_estimate":1.22,"consensus_weighted_revenue_estimate":38488.780319416,"consensus_weighted_eps_estimate":1.28687149701598,"release_date":"2014-07-22T16:00:00-04:00","id":"510c4290810f8d63ab0000ae"},{"fiscal_year":2013,"fiscal_quarter":3,"eps":1.07,"revenue":35300.0,"consensus_eps_estimate":1.08412213740458,"consensus_revenue_estimate":35876.6870229008,"wallstreet_revenue_estimate":35149.66,"wallstreet_eps_estimate":1.04,"consensus_weighted_revenue_estimate":35573.255892948,"consensus_weighted_eps_estimate":1.07505717813982,"release_date":"2013-07-23T16:00:00-04:00","id":"4e67206e7cb02d7af70073ff"},{"fiscal_year":1999,"fiscal_quarter":1,"eps":0.195,"revenue":null,"consensus_eps_estimate":null,"consensus_revenue_estimate":null,"wallstreet_revenue_estimate":null,"wallstreet_eps_estimate":0.0,"consensus_weighted_revenue_estimate":null,"consensus_weighted_eps_estimate":null,"release_date":"1998-12-01T05:00:00-05:00","id":"4e67206d7cb02d7af70073c5"},{"fiscal_year":2009,"fiscal_quarter":3,"eps":0.29,"revenue":9734.0,"consensus_eps_estimate":null,"consensus_revenue_estimate":null,"wallstreet_revenue_estimate":8211.87,"wallstreet_eps_estimate":0.17,"consensus_weighted_revenue_estimate":null,"consensus_weighted_eps_estimate":null,"release_date":"2009-07-21T11:55:00-04:00","id":"4e67206e7cb02d7af70073ef"},{"fiscal_year":2016,"fiscal_quarter":1,"eps":3.28,"revenue":75872.0,"consensus_eps_estimate":3.27041456016177,"consensus_revenue_estimate":76864.8847165992,"wallstreet_revenue_estimate":76382.69,"wallstreet_eps_estimate":3.235,"consensus_weighted_revenue_estimate":76687.0621050615,"consensus_weighted_eps_estimate":3.27109221907759,"release_date":"2016-01-26T16:00:00-05:00","id":"52ede638d25005edde00023f"},{"fiscal_year":2018,"fiscal_quarter":2,"eps":2.73,"revenue":61137.0,"consensus_eps_estimate":2.73152366863906,"consensus_revenue_estimate":62248.6627043091,"wallstreet_revenue_estimate":60990.797,"wallstreet_eps_estimate":2.67,"consensus_weighted_revenue_estimate":61493.4228889625,"consensus_weighted_eps_estimate":2.72426357339956,"release_date":"2018-05-01T16:00:00-04:00","id":"133987"},{"fiscal_year":2017,"fiscal_quarter":2,"eps":2.1,"revenue":52896.0,"consensus_eps_estimate":2.06808112324492,"consensus_revenue_estimate":53110.7696899225,"wallstreet_revenue_estimate":52582.851,"wallstreet_eps_estimate":2.019,"consensus_weighted_revenue_estimate":52942.6390361045,"consensus_weighted_eps_estimate":2.05736118304713,"release_date":"2017-05-02T16:00:00-04:00","id":"123573"},{"fiscal_year":2017,"fiscal_quarter":3,"eps":1.67,"revenue":45408.0,"consensus_eps_estimate":1.61234636871508,"consensus_revenue_estimate":45117.4789385475,"wallstreet_revenue_estimate":44567.045,"wallstreet_eps_estimate":1.57,"consensus_weighted_revenue_estimate":44842.3552697401,"consensus_weighted_eps_estimate":1.59798416560754,"release_date":"2017-08-01T16:00:00-04:00","id":"126310"},{"fiscal_year":2017,"fiscal_quarter":1,"eps":3.36,"revenue":78351.0,"consensus_eps_estimate":3.22918158567775,"consensus_revenue_estimate":76591.3612982005,"wallstreet_revenue_estimate":76845.33,"wallstreet_eps_estimate":3.219,"consensus_weighted_revenue_estimate":76906.6372351562,"consensus_weighted_eps_estimate":3.24030008414475,"release_date":"2017-01-31T16:00:00-05:00","id":"54cdc84a6563322233440200"},{"fiscal_year":2017,"fiscal_quarter":4,"eps":2.07,"revenue":52579.0,"consensus_eps_estimate":1.89444126074499,"consensus_revenue_estimate":51146.3443804035,"wallstreet_revenue_estimate":51171.333,"wallstreet_eps_estimate":1.872,"consensus_weighted_revenue_estimate":51432.1443928914,"consensus_weighted_eps_estimate":1.90147930638624,"release_date":"2017-11-02T16:00:00-04:00","id":"129653"},{"fiscal_year":2018,"fiscal_quarter":1,"eps":3.89,"revenue":88293.0,"consensus_eps_estimate":3.80196592398427,"consensus_revenue_estimate":85736.2896825397,"wallstreet_revenue_estimate":86750.452,"wallstreet_eps_estimate":3.843,"consensus_weighted_revenue_estimate":86434.8478843452,"consensus_weighted_eps_estimate":3.84429569996651,"release_date":"2018-02-01T16:00:00-05:00","id":"131754"},{"fiscal_year":2019,"fiscal_quarter":1,"eps":4.18,"revenue":84310.0,"consensus_eps_estimate":4.33116490166415,"consensus_revenue_estimate":85999.3404255319,"wallstreet_revenue_estimate":84071.097,"wallstreet_eps_estimate":4.17,"consensus_weighted_revenue_estimate":84172.1518135674,"consensus_weighted_eps_estimate":4.18303566319099,"release_date":"2019-01-29T16:00:00-05:00","id":"149518"},{"fiscal_year":2021,"fiscal_quarter":1,"eps":null,"revenue":null,"consensus_eps_estimate":null,"consensus_revenue_estimate":null,"wallstreet_revenue_estimate":null,"wallstreet_eps_estimate":null,"consensus_weighted_revenue_estimate":null,"consensus_weighted_eps_estimate":null,"release_date":"2021-01-26T16:00:00-05:00","id":"175113"},{"fiscal_year":2019,"fiscal_quarter":4,"eps":null,"revenue":null,"consensus_eps_estimate":2.85661417322835,"consensus_revenue_estimate":62283.3790322581,"wallstreet_revenue_estimate":61110.136,"wallstreet_eps_estimate":2.688,"consensus_weighted_revenue_estimate":61232.1870157045,"consensus_weighted_eps_estimate":2.7458811609603,"release_date":"2019-10-31T16:00:00-04:00","id":"156960"},{"fiscal_year":2020,"fiscal_quarter":3,"eps":null,"revenue":null,"consensus_eps_estimate":null,"consensus_revenue_estimate":57883.3333333333,"wallstreet_revenue_estimate":55259.6,"wallstreet_eps_estimate":2.425,"consensus_weighted_revenue_estimate":56110.2448265333,"consensus_weighted_eps_estimate":null,"release_date":"2020-07-28T16:00:00-04:00","id":"170326"},{"fiscal_year":2018,"fiscal_quarter":4,"eps":2.91,"revenue":62900.0,"consensus_eps_estimate":2.7631785195936,"consensus_revenue_estimate":61011.5372262774,"wallstreet_revenue_estimate":61492.304,"wallstreet_eps_estimate":2.788,"consensus_weighted_revenue_estimate":61942.3151973856,"consensus_weighted_eps_estimate":2.8420915518656,"release_date":"2018-11-01T16:00:00-04:00","id":"146839"},{"fiscal_year":2019,"fiscal_quarter":3,"eps":null,"revenue":null,"consensus_eps_estimate":2.29840909090909,"consensus_revenue_estimate":54269.8394495413,"wallstreet_revenue_estimate":53457.316,"wallstreet_eps_estimate":2.099,"consensus_weighted_revenue_estimate":53833.3863555954,"consensus_weighted_eps_estimate":2.23270514728323,"release_date":"2019-07-30T16:00:00-04:00","id":"154990"},{"fiscal_year":2021,"fiscal_quarter":2,"eps":null,"revenue":null,"consensus_eps_estimate":null,"consensus_revenue_estimate":null,"wallstreet_revenue_estimate":null,"wallstreet_eps_estimate":null,"consensus_weighted_revenue_estimate":null,"consensus_weighted_eps_estimate":null,"release_date":"2021-04-27T16:00:00-04:00","id":"178141"},{"fiscal_year":2019,"fiscal_quarter":2,"eps":2.46,"revenue":58015.0,"consensus_eps_estimate":2.55905380333952,"consensus_revenue_estimate":59199.5605214153,"wallstreet_revenue_estimate":57553.775,"wallstreet_eps_estimate":2.372,"consensus_weighted_revenue_estimate":58091.7574335973,"consensus_weighted_eps_estimate":2.4481502303601,"release_date":"2019-04-30T16:00:00-04:00","id":"152747"},{"fiscal_year":2020,"fiscal_quarter":4,"eps":null,"revenue":null,"consensus_eps_estimate":null,"consensus_revenue_estimate":64803.6666666667,"wallstreet_revenue_estimate":64556.6,"wallstreet_eps_estimate":3.133,"consensus_weighted_revenue_estimate":62838.2819602075,"consensus_weighted_eps_estimate":null,"release_date":"2020-10-29T16:00:00-04:00","id":"173414"}]