[{"id":"154990","source":1,"type":1,"mean":54272.0226244344,"high":65000.0,"low":50000.0,"standard_deviation":2067.5577138113,"count":221,"updated_at":"2019-06-10T03:08:21.832Z","fiscal_year":2019,"fiscal_quarter":3},{"id":"154990","source":1,"type":0,"mean":2.29780269058296,"high":3.0,"low":2.0,"standard_deviation":0.198546549628651,"count":223,"updated_at":"2019-06-10T03:08:22.649Z","fiscal_year":2019,"fiscal_quarter":3},{"id":"154990","source":1,"type":0,"mean":2.29691964285714,"high":3.0,"low":2.0,"standard_deviation":0.198541271275955,"count":224,"updated_at":"2019-06-10T13:19:46.917Z","fiscal_year":2019,"fiscal_quarter":3},{"id":"154990","source":1,"type":1,"mean":54268.8018018018,"high":65000.0,"low":50000.0,"standard_deviation":2063.45139376026,"count":222,"updated_at":"2019-06-10T13:19:47.553Z","fiscal_year":2019,"fiscal_quarter":3},{"id":"154990","source":1,"type":0,"mean":2.29691964285714,"high":3.0,"low":2.0,"standard_deviation":0.198541271275955,"count":224,"updated_at":"2019-06-10T13:19:53.984Z","fiscal_year":2019,"fiscal_quarter":3},{"id":"154990","source":1,"type":1,"mean":54269.2522522523,"high":65000.0,"low":50000.0,"standard_deviation":2063.30686851619,"count":222,"updated_at":"2019-06-10T13:19:54.095Z","fiscal_year":2019,"fiscal_quarter":3},{"id":"154990","source":1,"type":1,"mean":54268.7488789238,"high":65000.0,"low":50000.0,"standard_deviation":2058.68908388642,"count":223,"updated_at":"2019-06-10T23:44:06.639+01:00","fiscal_year":2019,"fiscal_quarter":3},{"id":"154990","source":1,"type":0,"mean":2.29595555555555,"high":3.0,"low":2.0,"standard_deviation":0.198624375314652,"count":225,"updated_at":"2019-06-10T23:44:07.273+01:00","fiscal_year":2019,"fiscal_quarter":3},{"id":"156960","source":1,"type":1,"mean":62289.6771653543,"high":72500.0,"low":58948.0,"standard_deviation":2085.27061210267,"count":127,"updated_at":"2019-06-10T23:44:07.581+01:00","fiscal_year":2019,"fiscal_quarter":4},{"id":"158306","source":1,"type":0,"mean":4.47769230769231,"high":5.27,"low":4.27,"standard_deviation":0.16359677663525,"count":52,"updated_at":"2019-06-10T23:44:07.594+01:00","fiscal_year":2020,"fiscal_quarter":1},{"id":"158306","source":1,"type":1,"mean":85499.8,"high":94362.0,"low":82743.0,"standard_deviation":2123.70326980532,"count":55,"updated_at":"2019-06-10T23:44:07.757+01:00","fiscal_year":2020,"fiscal_quarter":1},{"id":"156960","source":1,"type":0,"mean":2.85330769230769,"high":3.52,"low":2.5,"standard_deviation":0.184692628071359,"count":130,"updated_at":"2019-06-10T23:44:08.019+01:00","fiscal_year":2019,"fiscal_quarter":4},{"id":"161288","source":1,"type":0,"mean":2.80111111111111,"high":3.34,"low":2.59,"standard_deviation":0.144986163665092,"count":18,"updated_at":"2019-06-10T23:44:08.507+01:00","fiscal_year":2020,"fiscal_quarter":2},{"id":"161288","source":1,"type":1,"mean":60700.9473684211,"high":67469.0,"low":58494.0,"standard_deviation":1966.89826546865,"count":19,"updated_at":"2019-06-10T23:44:08.865+01:00","fiscal_year":2020,"fiscal_quarter":2}]