[{"Country":"United States","Category":"Interest Rate","DateTime":"2000-10-02T00:00:00","Value":6.5,"Frequency":"Daily","LastUpdate":"2011-06-27T00:00:00","HistoricalDataSymbol":"FDTR","DataType":0,"IsFillForward":false,"Time":"0001-01-01T00:00:00","Symbol":{"Value":"","ID":" ","Permtick":""},"Price":6.5},{"Country":"United States","Category":"Interest Rate","DateTime":"2000-11-01T00:00:00","Value":6.5,"Frequency":"Daily","LastUpdate":"2011-06-27T00:00:00","HistoricalDataSymbol":"FDTR","DataType":0,"IsFillForward":false,"Time":"0001-01-01T00:00:00","Symbol":{"Value":"","ID":" ","Permtick":""},"Price":6.5},{"Country":"United States","Category":"Interest Rate","DateTime":"2000-12-01T00:00:00","Value":6.5,"Frequency":"Daily","LastUpdate":"2011-06-27T00:00:00","HistoricalDataSymbol":"FDTR","DataType":0,"IsFillForward":false,"Time":"0001-01-01T00:00:00","Symbol":{"Value":"","ID":" ","Permtick":""},"Price":6.5},{"Country":"United States","Category":"Interest Rate","DateTime":"2001-01-01T00:00:00","Value":6.5,"Frequency":"Daily","LastUpdate":"2011-06-27T00:00:00","HistoricalDataSymbol":"FDTR","DataType":0,"IsFillForward":false,"Time":"0001-01-01T00:00:00","Symbol":{"Value":"","ID":" ","Permtick":""},"Price":6.5},{"Country":"United States","Category":"Interest Rate","DateTime":"2001-01-03T00:00:00","Value":6.0,"Frequency":"Daily","LastUpdate":"2011-06-27T00:00:00","HistoricalDataSymbol":"FDTR","DataType":0,"IsFillForward":false,"Time":"0001-01-01T00:00:00","Symbol":{"Value":"","ID":" ","Permtick":""},"Price":6.0},{"Country":"United States","Category":"Interest Rate","DateTime":"2001-01-31T00:00:00","Value":5.5,"Frequency":"Daily","LastUpdate":"2011-06-27T00:00:00","HistoricalDataSymbol":"FDTR","DataType":0,"IsFillForward":false,"Time":"0001-01-01T00:00:00","Symbol":{"Value":"","ID":" ","Permtick":""},"Price":5.5},{"Country":"United States","Category":"Interest Rate","DateTime":"2001-02-01T00:00:00","Value":5.5,"Frequency":"Daily","LastUpdate":"2011-06-27T00:00:00","HistoricalDataSymbol":"FDTR","DataType":0,"IsFillForward":false,"Time":"0001-01-01T00:00:00","Symbol":{"Value":"","ID":" ","Permtick":""},"Price":5.5},{"Country":"United States","Category":"Interest Rate","DateTime":"2001-03-01T00:00:00","Value":5.5,"Frequency":"Daily","LastUpdate":"2011-06-27T00:00:00","HistoricalDataSymbol":"FDTR","DataType":0,"IsFillForward":false,"Time":"0001-01-01T00:00:00","Symbol":{"Value":"","ID":" ","Permtick":""},"Price":5.5},{"Country":"United States","Category":"Interest Rate","DateTime":"2001-03-20T00:00:00","Value":5.0,"Frequency":"Daily","LastUpdate":"2011-06-27T00:00:00","HistoricalDataSymbol":"FDTR","DataType":0,"IsFillForward":false,"Time":"0001-01-01T00:00:00","Symbol":{"Value":"","ID":" ","Permtick":""},"Price":5.0},{"Country":"United States","Category":"Interest Rate","DateTime":"2001-04-02T00:00:00","Value":5.0,"Frequency":"Daily","LastUpdate":"2011-06-27T00:00:00","HistoricalDataSymbol":"FDTR","DataType":0,"IsFillForward":false,"Time":"0001-01-01T00:00:00","Symbol":{"Value":"","ID":" ","Permtick":""},"Price":5.0},{"Country":"United States","Category":"Interest Rate","DateTime":"2001-04-18T00:00:00","Value":4.5,"Frequency":"Daily","LastUpdate":"2011-06-27T00:00:00","HistoricalDataSymbol":"FDTR","DataType":0,"IsFillForward":false,"Time":"0001-01-01T00:00:00","Symbol":{"Value":"","ID":" ","Permtick":""},"Price":4.5},{"Country":"United States","Category":"Interest Rate","DateTime":"2001-05-01T00:00:00","Value":4.5,"Frequency":"Daily","LastUpdate":"2011-06-27T00:00:00","HistoricalDataSymbol":"FDTR","DataType":0,"IsFillForward":false,"Time":"0001-01-01T00:00:00","Symbol":{"Value":"","ID":" ","Permtick":""},"Price":4.5},{"Country":"United States","Category":"Interest Rate","DateTime":"2001-05-15T00:00:00","Value":4.0,"Frequency":"Daily","LastUpdate":"2011-06-27T00:00:00","HistoricalDataSymbol":"FDTR","DataType":0,"IsFillForward":false,"Time":"0001-01-01T00:00:00","Symbol":{"Value":"","ID":" ","Permtick":""},"Price":4.0},{"Country":"United States","Category":"Interest Rate","DateTime":"2001-06-01T00:00:00","Value":4.0,"Frequency":"Daily","LastUpdate":"2011-06-27T00:00:00","HistoricalDataSymbol":"FDTR","DataType":0,"IsFillForward":false,"Time":"0001-01-01T00:00:00","Symbol":{"Value":"","ID":" ","Permtick":""},"Price":4.0},{"Country":"United States","Category":"Interest Rate","DateTime":"2001-06-27T00:00:00","Value":3.75,"Frequency":"Daily","LastUpdate":"2011-06-27T00:00:00","HistoricalDataSymbol":"FDTR","DataType":0,"IsFillForward":false,"Time":"0001-01-01T00:00:00","Symbol":{"Value":"","ID":" ","Permtick":""},"Price":3.75},{"Country":"United States","Category":"Interest Rate","DateTime":"2001-07-02T00:00:00","Value":3.75,"Frequency":"Daily","LastUpdate":"2011-06-27T00:00:00","HistoricalDataSymbol":"FDTR","DataType":0,"IsFillForward":false,"Time":"0001-01-01T00:00:00","Symbol":{"Value":"","ID":" ","Permtick":""},"Price":3.75},{"Country":"United States","Category":"Interest Rate","DateTime":"2001-08-01T00:00:00","Value":3.75,"Frequency":"Daily","LastUpdate":"2011-06-27T00:00:00","HistoricalDataSymbol":"FDTR","DataType":0,"IsFillForward":false,"Time":"0001-01-01T00:00:00","Symbol":{"Value":"","ID":" ","Permtick":""},"Price":3.75},{"Country":"United States","Category":"Interest Rate","DateTime":"2001-08-21T00:00:00","Value":3.5,"Frequency":"Daily","LastUpdate":"2011-06-27T00:00:00","HistoricalDataSymbol":"FDTR","DataType":0,"IsFillForward":false,"Time":"0001-01-01T00:00:00","Symbol":{"Value":"","ID":" ","Permtick":""},"Price":3.5},{"Country":"United States","Category":"Interest Rate","DateTime":"2001-09-04T00:00:00","Value":3.5,"Frequency":"Daily","LastUpdate":"2011-06-27T00:00:00","HistoricalDataSymbol":"FDTR","DataType":0,"IsFillForward":false,"Time":"0001-01-01T00:00:00","Symbol":{"Value":"","ID":" ","Permtick":""},"Price":3.5},{"Country":"United States","Category":"Interest Rate","DateTime":"2001-09-17T00:00:00","Value":3.0,"Frequency":"Daily","LastUpdate":"2011-06-27T00:00:00","HistoricalDataSymbol":"FDTR","DataType":0,"IsFillForward":false,"Time":"0001-01-01T00:00:00","Symbol":{"Value":"","ID":" ","Permtick":""},"Price":3.0},{"Country":"United States","Category":"Interest Rate","DateTime":"2001-10-01T00:00:00","Value":3.0,"Frequency":"Daily","LastUpdate":"2011-06-27T00:00:00","HistoricalDataSymbol":"FDTR","DataType":0,"IsFillForward":false,"Time":"0001-01-01T00:00:00","Symbol":{"Value":"","ID":" ","Permtick":""},"Price":3.0},{"Country":"United States","Category":"Interest Rate","DateTime":"2001-10-02T00:00:00","Value":2.5,"Frequency":"Daily","LastUpdate":"2011-06-27T00:00:00","HistoricalDataSymbol":"FDTR","DataType":0,"IsFillForward":false,"Time":"0001-01-01T00:00:00","Symbol":{"Value":"","ID":" ","Permtick":""},"Price":2.5},{"Country":"United States","Category":"Interest Rate","DateTime":"2001-11-01T00:00:00","Value":2.5,"Frequency":"Daily","LastUpdate":"2011-06-27T00:00:00","HistoricalDataSymbol":"FDTR","DataType":0,"IsFillForward":false,"Time":"0001-01-01T00:00:00","Symbol":{"Value":"","ID":" ","Permtick":""},"Price":2.5},{"Country":"United States","Category":"Interest Rate","DateTime":"2001-11-06T00:00:00","Value":2.0,"Frequency":"Daily","LastUpdate":"2011-06-27T00:00:00","HistoricalDataSymbol":"FDTR","DataType":0,"IsFillForward":false,"Time":"0001-01-01T00:00:00","Symbol":{"Value":"","ID":" ","Permtick":""},"Price":2.0},{"Country":"United States","Category":"Interest Rate","DateTime":"2001-12-03T00:00:00","Value":2.0,"Frequency":"Daily","LastUpdate":"2011-06-27T00:00:00","HistoricalDataSymbol":"FDTR","DataType":0,"IsFillForward":false,"Time":"0001-01-01T00:00:00","Symbol":{"Value":"","ID":" ","Permtick":""},"Price":2.0},{"Country":"United States","Category":"Interest Rate","DateTime":"2001-12-11T00:00:00","Value":1.75,"Frequency":"Daily","LastUpdate":"2011-06-27T00:00:00","HistoricalDataSymbol":"FDTR","DataType":0,"IsFillForward":false,"Time":"0001-01-01T00:00:00","Symbol":{"Value":"","ID":" ","Permtick":""},"Price":1.75},{"Country":"United States","Category":"Interest Rate","DateTime":"2002-01-02T00:00:00","Value":1.75,"Frequency":"Daily","LastUpdate":"2011-06-27T00:00:00","HistoricalDataSymbol":"FDTR","DataType":0,"IsFillForward":false,"Time":"0001-01-01T00:00:00","Symbol":{"Value":"","ID":" ","Permtick":""},"Price":1.75},{"Country":"United States","Category":"Interest Rate","DateTime":"2002-02-01T00:00:00","Value":1.75,"Frequency":"Daily","LastUpdate":"2011-06-27T00:00:00","HistoricalDataSymbol":"FDTR","DataType":0,"IsFillForward":false,"Time":"0001-01-01T00:00:00","Symbol":{"Value":"","ID":" ","Permtick":""},"Price":1.75},{"Country":"United States","Category":"Interest Rate","DateTime":"2002-03-01T00:00:00","Value":1.75,"Frequency":"Daily","LastUpdate":"2011-06-27T00:00:00","HistoricalDataSymbol":"FDTR","DataType":0,"IsFillForward":false,"Time":"0001-01-01T00:00:00","Symbol":{"Value":"","ID":" ","Permtick":""},"Price":1.75},{"Country":"United States","Category":"Interest Rate","DateTime":"2002-04-01T00:00:00","Value":1.75,"Frequency":"Daily","LastUpdate":"2011-06-27T00:00:00","HistoricalDataSymbol":"FDTR","DataType":0,"IsFillForward":false,"Time":"0001-01-01T00:00:00","Symbol":{"Value":"","ID":" ","Permtick":""},"Price":1.75},{"Country":"United States","Category":"Interest Rate","DateTime":"2002-05-01T00:00:00","Value":1.75,"Frequency":"Daily","LastUpdate":"2011-06-27T00:00:00","HistoricalDataSymbol":"FDTR","DataType":0,"IsFillForward":false,"Time":"0001-01-01T00:00:00","Symbol":{"Value":"","ID":" ","Permtick":""},"Price":1.75},{"Country":"United States","Category":"Interest Rate","DateTime":"2002-06-03T00:00:00","Value":1.75,"Frequency":"Daily","LastUpdate":"2011-06-27T00:00:00","HistoricalDataSymbol":"FDTR","DataType":0,"IsFillForward":false,"Time":"0001-01-01T00:00:00","Symbol":{"Value":"","ID":" ","Permtick":""},"Price":1.75},{"Country":"United States","Category":"Interest Rate","DateTime":"2002-07-01T00:00:00","Value":1.75,"Frequency":"Daily","LastUpdate":"2011-06-27T00:00:00","HistoricalDataSymbol":"FDTR","DataType":0,"IsFillForward":false,"Time":"0001-01-01T00:00:00","Symbol":{"Value":"","ID":" ","Permtick":""},"Price":1.75},{"Country":"United States","Category":"Interest Rate","DateTime":"2002-08-01T00:00:00","Value":1.75,"Frequency":"Daily","LastUpdate":"2011-06-27T00:00:00","HistoricalDataSymbol":"FDTR","DataType":0,"IsFillForward":false,"Time":"0001-01-01T00:00:00","Symbol":{"Value":"","ID":" ","Permtick":""},"Price":1.75},{"Country":"United States","Category":"Interest Rate","DateTime":"2002-09-03T00:00:00","Value":1.75,"Frequency":"Daily","LastUpdate":"2011-06-27T00:00:00","HistoricalDataSymbol":"FDTR","DataType":0,"IsFillForward":false,"Time":"0001-01-01T00:00:00","Symbol":{"Value":"","ID":" ","Permtick":""},"Price":1.75},{"Country":"United States","Category":"Interest Rate","DateTime":"2002-10-01T00:00:00","Value":1.75,"Frequency":"Daily","LastUpdate":"2011-06-27T00:00:00","HistoricalDataSymbol":"FDTR","DataType":0,"IsFillForward":false,"Time":"0001-01-01T00:00:00","Symbol":{"Value":"","ID":" ","Permtick":""},"Price":1.75},{"Country":"United States","Category":"Interest Rate","DateTime":"2002-11-01T00:00:00","Value":1.75,"Frequency":"Daily","LastUpdate":"2011-06-27T00:00:00","HistoricalDataSymbol":"FDTR","DataType":0,"IsFillForward":false,"Time":"0001-01-01T00:00:00","Symbol":{"Value":"","ID":" ","Permtick":""},"Price":1.75},{"Country":"United States","Category":"Interest Rate","DateTime":"2002-11-06T00:00:00","Value":1.25,"Frequency":"Daily","LastUpdate":"2011-06-27T00:00:00","HistoricalDataSymbol":"FDTR","DataType":0,"IsFillForward":false,"Time":"0001-01-01T00:00:00","Symbol":{"Value":"","ID":" ","Permtick":""},"Price":1.25},{"Country":"United States","Category":"Interest Rate","DateTime":"2002-12-02T00:00:00","Value":1.25,"Frequency":"Daily","LastUpdate":"2011-06-27T00:00:00","HistoricalDataSymbol":"FDTR","DataType":0,"IsFillForward":false,"Time":"0001-01-01T00:00:00","Symbol":{"Value":"","ID":" ","Permtick":""},"Price":1.25},{"Country":"United States","Category":"Interest Rate","DateTime":"2003-01-02T00:00:00","Value":1.25,"Frequency":"Daily","LastUpdate":"2011-06-27T00:00:00","HistoricalDataSymbol":"FDTR","DataType":0,"IsFillForward":false,"Time":"0001-01-01T00:00:00","Symbol":{"Value":"","ID":" ","Permtick":""},"Price":1.25},{"Country":"United States","Category":"Interest Rate","DateTime":"2003-02-03T00:00:00","Value":1.25,"Frequency":"Daily","LastUpdate":"2011-06-27T00:00:00","HistoricalDataSymbol":"FDTR","DataType":0,"IsFillForward":false,"Time":"0001-01-01T00:00:00","Symbol":{"Value":"","ID":" ","Permtick":""},"Price":1.25},{"Country":"United States","Category":"Interest Rate","DateTime":"2003-03-03T00:00:00","Value":1.25,"Frequency":"Daily","LastUpdate":"2011-06-27T00:00:00","HistoricalDataSymbol":"FDTR","DataType":0,"IsFillForward":false,"Time":"0001-01-01T00:00:00","Symbol":{"Value":"","ID":" ","Permtick":""},"Price":1.25},{"Country":"United States","Category":"Interest Rate","DateTime":"2003-04-01T00:00:00","Value":1.25,"Frequency":"Daily","LastUpdate":"2011-06-27T00:00:00","HistoricalDataSymbol":"FDTR","DataType":0,"IsFillForward":false,"Time":"0001-01-01T00:00:00","Symbol":{"Value":"","ID":" ","Permtick":""},"Price":1.25},{"Country":"United States","Category":"Interest Rate","DateTime":"2003-05-01T00:00:00","Value":1.25,"Frequency":"Daily","LastUpdate":"2011-06-27T00:00:00","HistoricalDataSymbol":"FDTR","DataType":0,"IsFillForward":false,"Time":"0001-01-01T00:00:00","Symbol":{"Value":"","ID":" ","Permtick":""},"Price":1.25},{"Country":"United States","Category":"Interest Rate","DateTime":"2003-06-02T00:00:00","Value":1.25,"Frequency":"Daily","LastUpdate":"2011-06-27T00:00:00","HistoricalDataSymbol":"FDTR","DataType":0,"IsFillForward":false,"Time":"0001-01-01T00:00:00","Symbol":{"Value":"","ID":" ","Permtick":""},"Price":1.25},{"Country":"United States","Category":"Interest Rate","DateTime":"2003-06-25T00:00:00","Value":1.0,"Frequency":"Daily","LastUpdate":"2011-06-27T00:00:00","HistoricalDataSymbol":"FDTR","DataType":0,"IsFillForward":false,"Time":"0001-01-01T00:00:00","Symbol":{"Value":"","ID":" ","Permtick":""},"Price":1.0},{"Country":"United States","Category":"Interest Rate","DateTime":"2003-07-01T00:00:00","Value":1.0,"Frequency":"Daily","LastUpdate":"2011-06-27T00:00:00","HistoricalDataSymbol":"FDTR","DataType":0,"IsFillForward":false,"Time":"0001-01-01T00:00:00","Symbol":{"Value":"","ID":" ","Permtick":""},"Price":1.0},{"Country":"United States","Category":"Interest Rate","DateTime":"2003-08-01T00:00:00","Value":1.0,"Frequency":"Daily","LastUpdate":"2011-06-27T00:00:00","HistoricalDataSymbol":"FDTR","DataType":0,"IsFillForward":false,"Time":"0001-01-01T00:00:00","Symbol":{"Value":"","ID":" ","Permtick":""},"Price":1.0},{"Country":"United States","Category":"Interest Rate","DateTime":"2003-09-02T00:00:00","Value":1.0,"Frequency":"Daily","LastUpdate":"2011-06-27T00:00:00","HistoricalDataSymbol":"FDTR","DataType":0,"IsFillForward":false,"Time":"0001-01-01T00:00:00","Symbol":{"Value":"","ID":" ","Permtick":""},"Price":1.0},{"Country":"United States","Category":"Interest Rate","DateTime":"2003-10-01T00:00:00","Value":1.0,"Frequency":"Daily","LastUpdate":"2011-06-27T00:00:00","HistoricalDataSymbol":"FDTR","DataType":0,"IsFillForward":false,"Time":"0001-01-01T00:00:00","Symbol":{"Value":"","ID":" ","Permtick":""},"Price":1.0},{"Country":"United States","Category":"Interest Rate","DateTime":"2003-11-03T00:00:00","Value":1.0,"Frequency":"Daily","LastUpdate":"2011-06-27T00:00:00","HistoricalDataSymbol":"FDTR","DataType":0,"IsFillForward":false,"Time":"0001-01-01T00:00:00","Symbol":{"Value":"","ID":" ","Permtick":""},"Price":1.0},{"Country":"United States","Category":"Interest Rate","DateTime":"2003-12-01T00:00:00","Value":1.0,"Frequency":"Daily","LastUpdate":"2011-06-27T00:00:00","HistoricalDataSymbol":"FDTR","DataType":0,"IsFillForward":false,"Time":"0001-01-01T00:00:00","Symbol":{"Value":"","ID":" ","Permtick":""},"Price":1.0},{"Country":"United States","Category":"Interest Rate","DateTime":"2004-01-02T00:00:00","Value":1.0,"Frequency":"Daily","LastUpdate":"2011-06-27T00:00:00","HistoricalDataSymbol":"FDTR","DataType":0,"IsFillForward":false,"Time":"0001-01-01T00:00:00","Symbol":{"Value":"","ID":" ","Permtick":""},"Price":1.0},{"Country":"United States","Category":"Interest Rate","DateTime":"2004-02-02T00:00:00","Value":1.0,"Frequency":"Daily","LastUpdate":"2011-06-27T00:00:00","HistoricalDataSymbol":"FDTR","DataType":0,"IsFillForward":false,"Time":"0001-01-01T00:00:00","Symbol":{"Value":"","ID":" ","Permtick":""},"Price":1.0},{"Country":"United States","Category":"Interest Rate","DateTime":"2004-03-01T00:00:00","Value":1.0,"Frequency":"Daily","LastUpdate":"2011-06-27T00:00:00","HistoricalDataSymbol":"FDTR","DataType":0,"IsFillForward":false,"Time":"0001-01-01T00:00:00","Symbol":{"Value":"","ID":" ","Permtick":""},"Price":1.0},{"Country":"United States","Category":"Interest Rate","DateTime":"2004-04-01T00:00:00","Value":1.0,"Frequency":"Daily","LastUpdate":"2011-06-27T00:00:00","HistoricalDataSymbol":"FDTR","DataType":0,"IsFillForward":false,"Time":"0001-01-01T00:00:00","Symbol":{"Value":"","ID":" ","Permtick":""},"Price":1.0},{"Country":"United States","Category":"Interest Rate","DateTime":"2004-05-03T00:00:00","Value":1.0,"Frequency":"Daily","LastUpdate":"2011-06-27T00:00:00","HistoricalDataSymbol":"FDTR","DataType":0,"IsFillForward":false,"Time":"0001-01-01T00:00:00","Symbol":{"Value":"","ID":" ","Permtick":""},"Price":1.0},{"Country":"United States","Category":"Interest Rate","DateTime":"2004-06-01T00:00:00","Value":1.0,"Frequency":"Daily","LastUpdate":"2011-06-27T00:00:00","HistoricalDataSymbol":"FDTR","DataType":0,"IsFillForward":false,"Time":"0001-01-01T00:00:00","Symbol":{"Value":"","ID":" ","Permtick":""},"Price":1.0},{"Country":"United States","Category":"Interest Rate","DateTime":"2004-06-30T00:00:00","Value":1.25,"Frequency":"Daily","LastUpdate":"2011-06-27T00:00:00","HistoricalDataSymbol":"FDTR","DataType":0,"IsFillForward":false,"Time":"0001-01-01T00:00:00","Symbol":{"Value":"","ID":" ","Permtick":""},"Price":1.25},{"Country":"United States","Category":"Interest Rate","DateTime":"2004-07-01T00:00:00","Value":1.25,"Frequency":"Daily","LastUpdate":"2011-06-27T00:00:00","HistoricalDataSymbol":"FDTR","DataType":0,"IsFillForward":false,"Time":"0001-01-01T00:00:00","Symbol":{"Value":"","ID":" ","Permtick":""},"Price":1.25},{"Country":"United States","Category":"Interest Rate","DateTime":"2004-08-02T00:00:00","Value":1.25,"Frequency":"Daily","LastUpdate":"2011-06-27T00:00:00","HistoricalDataSymbol":"FDTR","DataType":0,"IsFillForward":false,"Time":"0001-01-01T00:00:00","Symbol":{"Value":"","ID":" ","Permtick":""},"Price":1.25},{"Country":"United States","Category":"Interest Rate","DateTime":"2004-08-10T00:00:00","Value":1.5,"Frequency":"Daily","LastUpdate":"2011-06-27T00:00:00","HistoricalDataSymbol":"FDTR","DataType":0,"IsFillForward":false,"Time":"0001-01-01T00:00:00","Symbol":{"Value":"","ID":" ","Permtick":""},"Price":1.5},{"Country":"United States","Category":"Interest Rate","DateTime":"2004-09-01T00:00:00","Value":1.5,"Frequency":"Daily","LastUpdate":"2011-06-27T00:00:00","HistoricalDataSymbol":"FDTR","DataType":0,"IsFillForward":false,"Time":"0001-01-01T00:00:00","Symbol":{"Value":"","ID":" ","Permtick":""},"Price":1.5},{"Country":"United States","Category":"Interest Rate","DateTime":"2004-09-21T00:00:00","Value":1.75,"Frequency":"Daily","LastUpdate":"2011-06-27T00:00:00","HistoricalDataSymbol":"FDTR","DataType":0,"IsFillForward":false,"Time":"0001-01-01T00:00:00","Symbol":{"Value":"","ID":" ","Permtick":""},"Price":1.75},{"Country":"United States","Category":"Interest Rate","DateTime":"2004-10-01T00:00:00","Value":1.75,"Frequency":"Daily","LastUpdate":"2011-06-27T00:00:00","HistoricalDataSymbol":"FDTR","DataType":0,"IsFillForward":false,"Time":"0001-01-01T00:00:00","Symbol":{"Value":"","ID":" ","Permtick":""},"Price":1.75},{"Country":"United States","Category":"Interest Rate","DateTime":"2004-11-01T00:00:00","Value":1.75,"Frequency":"Daily","LastUpdate":"2011-06-27T00:00:00","HistoricalDataSymbol":"FDTR","DataType":0,"IsFillForward":false,"Time":"0001-01-01T00:00:00","Symbol":{"Value":"","ID":" ","Permtick":""},"Price":1.75},{"Country":"United States","Category":"Interest Rate","DateTime":"2004-11-10T00:00:00","Value":2.0,"Frequency":"Daily","LastUpdate":"2011-06-27T00:00:00","HistoricalDataSymbol":"FDTR","DataType":0,"IsFillForward":false,"Time":"0001-01-01T00:00:00","Symbol":{"Value":"","ID":" ","Permtick":""},"Price":2.0},{"Country":"United States","Category":"Interest Rate","DateTime":"2004-12-01T00:00:00","Value":2.0,"Frequency":"Daily","LastUpdate":"2011-06-27T00:00:00","HistoricalDataSymbol":"FDTR","DataType":0,"IsFillForward":false,"Time":"0001-01-01T00:00:00","Symbol":{"Value":"","ID":" ","Permtick":""},"Price":2.0},{"Country":"United States","Category":"Interest Rate","DateTime":"2004-12-14T00:00:00","Value":2.25,"Frequency":"Daily","LastUpdate":"2011-06-27T00:00:00","HistoricalDataSymbol":"FDTR","DataType":0,"IsFillForward":false,"Time":"0001-01-01T00:00:00","Symbol":{"Value":"","ID":" ","Permtick":""},"Price":2.25},{"Country":"United States","Category":"Interest Rate","DateTime":"2005-01-03T00:00:00","Value":2.25,"Frequency":"Daily","LastUpdate":"2011-06-27T00:00:00","HistoricalDataSymbol":"FDTR","DataType":0,"IsFillForward":false,"Time":"0001-01-01T00:00:00","Symbol":{"Value":"","ID":" ","Permtick":""},"Price":2.25},{"Country":"United States","Category":"Interest Rate","DateTime":"2005-02-01T00:00:00","Value":2.25,"Frequency":"Daily","LastUpdate":"2011-06-27T00:00:00","HistoricalDataSymbol":"FDTR","DataType":0,"IsFillForward":false,"Time":"0001-01-01T00:00:00","Symbol":{"Value":"","ID":" ","Permtick":""},"Price":2.25},{"Country":"United States","Category":"Interest Rate","DateTime":"2005-02-02T00:00:00","Value":2.5,"Frequency":"Daily","LastUpdate":"2011-06-27T00:00:00","HistoricalDataSymbol":"FDTR","DataType":0,"IsFillForward":false,"Time":"0001-01-01T00:00:00","Symbol":{"Value":"","ID":" ","Permtick":""},"Price":2.5},{"Country":"United States","Category":"Interest Rate","DateTime":"2005-03-01T00:00:00","Value":2.5,"Frequency":"Daily","LastUpdate":"2011-06-27T00:00:00","HistoricalDataSymbol":"FDTR","DataType":0,"IsFillForward":false,"Time":"0001-01-01T00:00:00","Symbol":{"Value":"","ID":" ","Permtick":""},"Price":2.5},{"Country":"United States","Category":"Interest Rate","DateTime":"2005-03-22T00:00:00","Value":2.75,"Frequency":"Daily","LastUpdate":"2011-06-27T00:00:00","HistoricalDataSymbol":"FDTR","DataType":0,"IsFillForward":false,"Time":"0001-01-01T00:00:00","Symbol":{"Value":"","ID":" ","Permtick":""},"Price":2.75},{"Country":"United States","Category":"Interest Rate","DateTime":"2005-04-01T00:00:00","Value":2.75,"Frequency":"Daily","LastUpdate":"2011-06-27T00:00:00","HistoricalDataSymbol":"FDTR","DataType":0,"IsFillForward":false,"Time":"0001-01-01T00:00:00","Symbol":{"Value":"","ID":" ","Permtick":""},"Price":2.75},{"Country":"United States","Category":"Interest Rate","DateTime":"2005-05-02T00:00:00","Value":2.75,"Frequency":"Daily","LastUpdate":"2011-06-27T00:00:00","HistoricalDataSymbol":"FDTR","DataType":0,"IsFillForward":false,"Time":"0001-01-01T00:00:00","Symbol":{"Value":"","ID":" ","Permtick":""},"Price":2.75},{"Country":"United States","Category":"Interest Rate","DateTime":"2005-05-03T00:00:00","Value":3.0,"Frequency":"Daily","LastUpdate":"2011-06-27T00:00:00","HistoricalDataSymbol":"FDTR","DataType":0,"IsFillForward":false,"Time":"0001-01-01T00:00:00","Symbol":{"Value":"","ID":" ","Permtick":""},"Price":3.0},{"Country":"United States","Category":"Interest Rate","DateTime":"2005-06-01T00:00:00","Value":3.0,"Frequency":"Daily","LastUpdate":"2011-06-27T00:00:00","HistoricalDataSymbol":"FDTR","DataType":0,"IsFillForward":false,"Time":"0001-01-01T00:00:00","Symbol":{"Value":"","ID":" ","Permtick":""},"Price":3.0},{"Country":"United States","Category":"Interest Rate","DateTime":"2005-06-30T00:00:00","Value":3.25,"Frequency":"Daily","LastUpdate":"2011-06-27T00:00:00","HistoricalDataSymbol":"FDTR","DataType":0,"IsFillForward":false,"Time":"0001-01-01T00:00:00","Symbol":{"Value":"","ID":" ","Permtick":""},"Price":3.25},{"Country":"United States","Category":"Interest Rate","DateTime":"2005-07-01T00:00:00","Value":3.25,"Frequency":"Daily","LastUpdate":"2011-06-27T00:00:00","HistoricalDataSymbol":"FDTR","DataType":0,"IsFillForward":false,"Time":"0001-01-01T00:00:00","Symbol":{"Value":"","ID":" ","Permtick":""},"Price":3.25},{"Country":"United States","Category":"Interest Rate","DateTime":"2005-08-01T00:00:00","Value":3.25,"Frequency":"Daily","LastUpdate":"2011-06-27T00:00:00","HistoricalDataSymbol":"FDTR","DataType":0,"IsFillForward":false,"Time":"0001-01-01T00:00:00","Symbol":{"Value":"","ID":" ","Permtick":""},"Price":3.25},{"Country":"United States","Category":"Interest Rate","DateTime":"2005-08-09T00:00:00","Value":3.5,"Frequency":"Daily","LastUpdate":"2011-06-27T00:00:00","HistoricalDataSymbol":"FDTR","DataType":0,"IsFillForward":false,"Time":"0001-01-01T00:00:00","Symbol":{"Value":"","ID":" ","Permtick":""},"Price":3.5},{"Country":"United States","Category":"Interest Rate","DateTime":"2005-09-01T00:00:00","Value":3.5,"Frequency":"Daily","LastUpdate":"2011-06-27T00:00:00","HistoricalDataSymbol":"FDTR","DataType":0,"IsFillForward":false,"Time":"0001-01-01T00:00:00","Symbol":{"Value":"","ID":" ","Permtick":""},"Price":3.5},{"Country":"United States","Category":"Interest Rate","DateTime":"2005-09-20T00:00:00","Value":3.75,"Frequency":"Daily","LastUpdate":"2011-06-27T00:00:00","HistoricalDataSymbol":"FDTR","DataType":0,"IsFillForward":false,"Time":"0001-01-01T00:00:00","Symbol":{"Value":"","ID":" ","Permtick":""},"Price":3.75},{"Country":"United States","Category":"Interest Rate","DateTime":"2005-10-03T00:00:00","Value":3.75,"Frequency":"Daily","LastUpdate":"2011-06-27T00:00:00","HistoricalDataSymbol":"FDTR","DataType":0,"IsFillForward":false,"Time":"0001-01-01T00:00:00","Symbol":{"Value":"","ID":" ","Permtick":""},"Price":3.75},{"Country":"United States","Category":"Interest Rate","DateTime":"2005-11-01T00:00:00","Value":4.0,"Frequency":"Daily","LastUpdate":"2011-06-27T00:00:00","HistoricalDataSymbol":"FDTR","DataType":0,"IsFillForward":false,"Time":"0001-01-01T00:00:00","Symbol":{"Value":"","ID":" ","Permtick":""},"Price":4.0},{"Country":"United States","Category":"Interest Rate","DateTime":"2005-12-01T00:00:00","Value":4.0,"Frequency":"Daily","LastUpdate":"2011-06-27T00:00:00","HistoricalDataSymbol":"FDTR","DataType":0,"IsFillForward":false,"Time":"0001-01-01T00:00:00","Symbol":{"Value":"","ID":" ","Permtick":""},"Price":4.0},{"Country":"United States","Category":"Interest Rate","DateTime":"2005-12-13T00:00:00","Value":4.25,"Frequency":"Daily","LastUpdate":"2011-06-27T00:00:00","HistoricalDataSymbol":"FDTR","DataType":0,"IsFillForward":false,"Time":"0001-01-01T00:00:00","Symbol":{"Value":"","ID":" ","Permtick":""},"Price":4.25},{"Country":"United States","Category":"Interest Rate","DateTime":"2006-01-03T00:00:00","Value":4.25,"Frequency":"Daily","LastUpdate":"2011-06-27T00:00:00","HistoricalDataSymbol":"FDTR","DataType":0,"IsFillForward":false,"Time":"0001-01-01T00:00:00","Symbol":{"Value":"","ID":" ","Permtick":""},"Price":4.25},{"Country":"United States","Category":"Interest Rate","DateTime":"2006-01-31T00:00:00","Value":4.5,"Frequency":"Daily","LastUpdate":"2011-06-27T00:00:00","HistoricalDataSymbol":"FDTR","DataType":0,"IsFillForward":false,"Time":"0001-01-01T00:00:00","Symbol":{"Value":"","ID":" ","Permtick":""},"Price":4.5},{"Country":"United States","Category":"Interest Rate","DateTime":"2006-02-01T00:00:00","Value":4.5,"Frequency":"Daily","LastUpdate":"2011-06-27T00:00:00","HistoricalDataSymbol":"FDTR","DataType":0,"IsFillForward":false,"Time":"0001-01-01T00:00:00","Symbol":{"Value":"","ID":" ","Permtick":""},"Price":4.5},{"Country":"United States","Category":"Interest Rate","DateTime":"2006-03-01T00:00:00","Value":4.5,"Frequency":"Daily","LastUpdate":"2011-06-27T00:00:00","HistoricalDataSymbol":"FDTR","DataType":0,"IsFillForward":false,"Time":"0001-01-01T00:00:00","Symbol":{"Value":"","ID":" ","Permtick":""},"Price":4.5},{"Country":"United States","Category":"Interest Rate","DateTime":"2006-03-28T00:00:00","Value":4.75,"Frequency":"Daily","LastUpdate":"2011-06-27T00:00:00","HistoricalDataSymbol":"FDTR","DataType":0,"IsFillForward":false,"Time":"0001-01-01T00:00:00","Symbol":{"Value":"","ID":" ","Permtick":""},"Price":4.75},{"Country":"United States","Category":"Interest Rate","DateTime":"2006-04-03T00:00:00","Value":4.75,"Frequency":"Daily","LastUpdate":"2011-06-27T00:00:00","HistoricalDataSymbol":"FDTR","DataType":0,"IsFillForward":false,"Time":"0001-01-01T00:00:00","Symbol":{"Value":"","ID":" ","Permtick":""},"Price":4.75},{"Country":"United States","Category":"Interest Rate","DateTime":"2006-05-01T00:00:00","Value":4.75,"Frequency":"Daily","LastUpdate":"2011-06-27T00:00:00","HistoricalDataSymbol":"FDTR","DataType":0,"IsFillForward":false,"Time":"0001-01-01T00:00:00","Symbol":{"Value":"","ID":" ","Permtick":""},"Price":4.75},{"Country":"United States","Category":"Interest Rate","DateTime":"2006-05-10T00:00:00","Value":5.0,"Frequency":"Daily","LastUpdate":"2011-06-27T00:00:00","HistoricalDataSymbol":"FDTR","DataType":0,"IsFillForward":false,"Time":"0001-01-01T00:00:00","Symbol":{"Value":"","ID":" ","Permtick":""},"Price":5.0},{"Country":"United States","Category":"Interest Rate","DateTime":"2006-06-01T00:00:00","Value":5.0,"Frequency":"Daily","LastUpdate":"2011-06-27T00:00:00","HistoricalDataSymbol":"FDTR","DataType":0,"IsFillForward":false,"Time":"0001-01-01T00:00:00","Symbol":{"Value":"","ID":" ","Permtick":""},"Price":5.0},{"Country":"United States","Category":"Interest Rate","DateTime":"2006-06-29T00:00:00","Value":5.25,"Frequency":"Daily","LastUpdate":"2011-06-27T00:00:00","HistoricalDataSymbol":"FDTR","DataType":0,"IsFillForward":false,"Time":"0001-01-01T00:00:00","Symbol":{"Value":"","ID":" ","Permtick":""},"Price":5.25},{"Country":"United States","Category":"Interest Rate","DateTime":"2006-07-03T00:00:00","Value":5.25,"Frequency":"Daily","LastUpdate":"2011-06-27T00:00:00","HistoricalDataSymbol":"FDTR","DataType":0,"IsFillForward":false,"Time":"0001-01-01T00:00:00","Symbol":{"Value":"","ID":" ","Permtick":""},"Price":5.25},{"Country":"United States","Category":"Interest Rate","DateTime":"2006-08-01T00:00:00","Value":5.25,"Frequency":"Daily","LastUpdate":"2011-06-27T00:00:00","HistoricalDataSymbol":"FDTR","DataType":0,"IsFillForward":false,"Time":"0001-01-01T00:00:00","Symbol":{"Value":"","ID":" ","Permtick":""},"Price":5.25},{"Country":"United States","Category":"Interest Rate","DateTime":"2006-09-01T00:00:00","Value":5.25,"Frequency":"Daily","LastUpdate":"2011-06-27T00:00:00","HistoricalDataSymbol":"FDTR","DataType":0,"IsFillForward":false,"Time":"0001-01-01T00:00:00","Symbol":{"Value":"","ID":" ","Permtick":""},"Price":5.25},{"Country":"United States","Category":"Interest Rate","DateTime":"2006-10-02T00:00:00","Value":5.25,"Frequency":"Daily","LastUpdate":"2011-06-27T00:00:00","HistoricalDataSymbol":"FDTR","DataType":0,"IsFillForward":false,"Time":"0001-01-01T00:00:00","Symbol":{"Value":"","ID":" ","Permtick":""},"Price":5.25},{"Country":"United States","Category":"Interest Rate","DateTime":"2006-11-01T00:00:00","Value":5.25,"Frequency":"Daily","LastUpdate":"2011-06-27T00:00:00","HistoricalDataSymbol":"FDTR","DataType":0,"IsFillForward":false,"Time":"0001-01-01T00:00:00","Symbol":{"Value":"","ID":" ","Permtick":""},"Price":5.25},{"Country":"United States","Category":"Interest Rate","DateTime":"2006-12-01T00:00:00","Value":5.25,"Frequency":"Daily","LastUpdate":"2011-06-27T00:00:00","HistoricalDataSymbol":"FDTR","DataType":0,"IsFillForward":false,"Time":"0001-01-01T00:00:00","Symbol":{"Value":"","ID":" ","Permtick":""},"Price":5.25},{"Country":"United States","Category":"Interest Rate","DateTime":"2007-01-02T00:00:00","Value":5.25,"Frequency":"Daily","LastUpdate":"2011-06-27T00:00:00","HistoricalDataSymbol":"FDTR","DataType":0,"IsFillForward":false,"Time":"0001-01-01T00:00:00","Symbol":{"Value":"","ID":" ","Permtick":""},"Price":5.25},{"Country":"United States","Category":"Interest Rate","DateTime":"2007-02-01T00:00:00","Value":5.25,"Frequency":"Daily","LastUpdate":"2011-06-27T00:00:00","HistoricalDataSymbol":"FDTR","DataType":0,"IsFillForward":false,"Time":"0001-01-01T00:00:00","Symbol":{"Value":"","ID":" ","Permtick":""},"Price":5.25},{"Country":"United States","Category":"Interest Rate","DateTime":"2007-03-01T00:00:00","Value":5.25,"Frequency":"Daily","LastUpdate":"2011-06-27T00:00:00","HistoricalDataSymbol":"FDTR","DataType":0,"IsFillForward":false,"Time":"0001-01-01T00:00:00","Symbol":{"Value":"","ID":" ","Permtick":""},"Price":5.25},{"Country":"United States","Category":"Interest Rate","DateTime":"2007-04-02T00:00:00","Value":5.25,"Frequency":"Daily","LastUpdate":"2011-06-27T00:00:00","HistoricalDataSymbol":"FDTR","DataType":0,"IsFillForward":false,"Time":"0001-01-01T00:00:00","Symbol":{"Value":"","ID":" ","Permtick":""},"Price":5.25},{"Country":"United States","Category":"Interest Rate","DateTime":"2007-05-01T00:00:00","Value":5.25,"Frequency":"Daily","LastUpdate":"2011-06-27T00:00:00","HistoricalDataSymbol":"FDTR","DataType":0,"IsFillForward":false,"Time":"0001-01-01T00:00:00","Symbol":{"Value":"","ID":" ","Permtick":""},"Price":5.25},{"Country":"United States","Category":"Interest Rate","DateTime":"2007-06-01T00:00:00","Value":5.25,"Frequency":"Daily","LastUpdate":"2011-06-27T00:00:00","HistoricalDataSymbol":"FDTR","DataType":0,"IsFillForward":false,"Time":"0001-01-01T00:00:00","Symbol":{"Value":"","ID":" ","Permtick":""},"Price":5.25},{"Country":"United States","Category":"Interest Rate","DateTime":"2007-07-02T00:00:00","Value":5.25,"Frequency":"Daily","LastUpdate":"2011-06-27T00:00:00","HistoricalDataSymbol":"FDTR","DataType":0,"IsFillForward":false,"Time":"0001-01-01T00:00:00","Symbol":{"Value":"","ID":" ","Permtick":""},"Price":5.25},{"Country":"United States","Category":"Interest Rate","DateTime":"2007-08-01T00:00:00","Value":5.25,"Frequency":"Daily","LastUpdate":"2011-06-27T00:00:00","HistoricalDataSymbol":"FDTR","DataType":0,"IsFillForward":false,"Time":"0001-01-01T00:00:00","Symbol":{"Value":"","ID":" ","Permtick":""},"Price":5.25},{"Country":"United States","Category":"Interest Rate","DateTime":"2007-09-04T00:00:00","Value":5.25,"Frequency":"Daily","LastUpdate":"2011-06-27T00:00:00","HistoricalDataSymbol":"FDTR","DataType":0,"IsFillForward":false,"Time":"0001-01-01T00:00:00","Symbol":{"Value":"","ID":" ","Permtick":""},"Price":5.25},{"Country":"United States","Category":"Interest Rate","DateTime":"2007-09-18T00:00:00","Value":4.75,"Frequency":"Daily","LastUpdate":"2011-06-27T00:00:00","HistoricalDataSymbol":"FDTR","DataType":0,"IsFillForward":false,"Time":"0001-01-01T00:00:00","Symbol":{"Value":"","ID":" ","Permtick":""},"Price":4.75},{"Country":"United States","Category":"Interest Rate","DateTime":"2007-10-01T00:00:00","Value":4.75,"Frequency":"Daily","LastUpdate":"2011-06-27T00:00:00","HistoricalDataSymbol":"FDTR","DataType":0,"IsFillForward":false,"Time":"0001-01-01T00:00:00","Symbol":{"Value":"","ID":" ","Permtick":""},"Price":4.75},{"Country":"United States","Category":"Interest Rate","DateTime":"2007-10-31T00:00:00","Value":4.5,"Frequency":"Daily","LastUpdate":"2011-06-27T00:00:00","HistoricalDataSymbol":"FDTR","DataType":0,"IsFillForward":false,"Time":"0001-01-01T00:00:00","Symbol":{"Value":"","ID":" ","Permtick":""},"Price":4.5},{"Country":"United States","Category":"Interest Rate","DateTime":"2007-11-01T00:00:00","Value":4.5,"Frequency":"Daily","LastUpdate":"2011-06-27T00:00:00","HistoricalDataSymbol":"FDTR","DataType":0,"IsFillForward":false,"Time":"0001-01-01T00:00:00","Symbol":{"Value":"","ID":" ","Permtick":""},"Price":4.5},{"Country":"United States","Category":"Interest Rate","DateTime":"2007-12-03T00:00:00","Value":4.5,"Frequency":"Daily","LastUpdate":"2011-06-27T00:00:00","HistoricalDataSymbol":"FDTR","DataType":0,"IsFillForward":false,"Time":"0001-01-01T00:00:00","Symbol":{"Value":"","ID":" ","Permtick":""},"Price":4.5},{"Country":"United States","Category":"Interest Rate","DateTime":"2007-12-11T00:00:00","Value":4.25,"Frequency":"Daily","LastUpdate":"2011-06-27T00:00:00","HistoricalDataSymbol":"FDTR","DataType":0,"IsFillForward":false,"Time":"0001-01-01T00:00:00","Symbol":{"Value":"","ID":" ","Permtick":""},"Price":4.25},{"Country":"United States","Category":"Interest Rate","DateTime":"2008-01-02T00:00:00","Value":4.25,"Frequency":"Daily","LastUpdate":"2011-06-27T00:00:00","HistoricalDataSymbol":"FDTR","DataType":0,"IsFillForward":false,"Time":"0001-01-01T00:00:00","Symbol":{"Value":"","ID":" ","Permtick":""},"Price":4.25},{"Country":"United States","Category":"Interest Rate","DateTime":"2008-01-22T00:00:00","Value":3.5,"Frequency":"Daily","LastUpdate":"2011-06-27T00:00:00","HistoricalDataSymbol":"FDTR","DataType":0,"IsFillForward":false,"Time":"0001-01-01T00:00:00","Symbol":{"Value":"","ID":" ","Permtick":""},"Price":3.5},{"Country":"United States","Category":"Interest Rate","DateTime":"2008-01-30T00:00:00","Value":3.0,"Frequency":"Daily","LastUpdate":"2011-06-27T00:00:00","HistoricalDataSymbol":"FDTR","DataType":0,"IsFillForward":false,"Time":"0001-01-01T00:00:00","Symbol":{"Value":"","ID":" ","Permtick":""},"Price":3.0},{"Country":"United States","Category":"Interest Rate","DateTime":"2008-02-01T00:00:00","Value":3.0,"Frequency":"Daily","LastUpdate":"2011-06-27T00:00:00","HistoricalDataSymbol":"FDTR","DataType":0,"IsFillForward":false,"Time":"0001-01-01T00:00:00","Symbol":{"Value":"","ID":" ","Permtick":""},"Price":3.0},{"Country":"United States","Category":"Interest Rate","DateTime":"2008-03-03T00:00:00","Value":3.0,"Frequency":"Daily","LastUpdate":"2011-06-27T00:00:00","HistoricalDataSymbol":"FDTR","DataType":0,"IsFillForward":false,"Time":"0001-01-01T00:00:00","Symbol":{"Value":"","ID":" ","Permtick":""},"Price":3.0},{"Country":"United States","Category":"Interest Rate","DateTime":"2008-03-18T00:00:00","Value":2.25,"Frequency":"Daily","LastUpdate":"2011-06-27T00:00:00","HistoricalDataSymbol":"FDTR","DataType":0,"IsFillForward":false,"Time":"0001-01-01T00:00:00","Symbol":{"Value":"","ID":" ","Permtick":""},"Price":2.25},{"Country":"United States","Category":"Interest Rate","DateTime":"2008-04-01T00:00:00","Value":2.25,"Frequency":"Daily","LastUpdate":"2011-06-27T00:00:00","HistoricalDataSymbol":"FDTR","DataType":0,"IsFillForward":false,"Time":"0001-01-01T00:00:00","Symbol":{"Value":"","ID":" ","Permtick":""},"Price":2.25},{"Country":"United States","Category":"Interest Rate","DateTime":"2008-04-30T00:00:00","Value":2.0,"Frequency":"Daily","LastUpdate":"2011-06-27T00:00:00","HistoricalDataSymbol":"FDTR","DataType":0,"IsFillForward":false,"Time":"0001-01-01T00:00:00","Symbol":{"Value":"","ID":" ","Permtick":""},"Price":2.0},{"Country":"United States","Category":"Interest Rate","DateTime":"2008-05-01T00:00:00","Value":2.0,"Frequency":"Daily","LastUpdate":"2011-06-27T00:00:00","HistoricalDataSymbol":"FDTR","DataType":0,"IsFillForward":false,"Time":"0001-01-01T00:00:00","Symbol":{"Value":"","ID":" ","Permtick":""},"Price":2.0},{"Country":"United States","Category":"Interest Rate","DateTime":"2008-06-02T00:00:00","Value":2.0,"Frequency":"Daily","LastUpdate":"2011-06-27T00:00:00","HistoricalDataSymbol":"FDTR","DataType":0,"IsFillForward":false,"Time":"0001-01-01T00:00:00","Symbol":{"Value":"","ID":" ","Permtick":""},"Price":2.0},{"Country":"United States","Category":"Interest Rate","DateTime":"2008-07-01T00:00:00","Value":2.0,"Frequency":"Daily","LastUpdate":"2011-06-27T00:00:00","HistoricalDataSymbol":"FDTR","DataType":0,"IsFillForward":false,"Time":"0001-01-01T00:00:00","Symbol":{"Value":"","ID":" ","Permtick":""},"Price":2.0},{"Country":"United States","Category":"Interest Rate","DateTime":"2008-08-01T00:00:00","Value":2.0,"Frequency":"Daily","LastUpdate":"2011-06-27T00:00:00","HistoricalDataSymbol":"FDTR","DataType":0,"IsFillForward":false,"Time":"0001-01-01T00:00:00","Symbol":{"Value":"","ID":" ","Permtick":""},"Price":2.0},{"Country":"United States","Category":"Interest Rate","DateTime":"2008-09-02T00:00:00","Value":2.0,"Frequency":"Daily","LastUpdate":"2011-06-27T00:00:00","HistoricalDataSymbol":"FDTR","DataType":0,"IsFillForward":false,"Time":"0001-01-01T00:00:00","Symbol":{"Value":"","ID":" ","Permtick":""},"Price":2.0},{"Country":"United States","Category":"Interest Rate","DateTime":"2008-10-01T00:00:00","Value":2.0,"Frequency":"Daily","LastUpdate":"2011-06-27T00:00:00","HistoricalDataSymbol":"FDTR","DataType":0,"IsFillForward":false,"Time":"0001-01-01T00:00:00","Symbol":{"Value":"","ID":" ","Permtick":""},"Price":2.0},{"Country":"United States","Category":"Interest Rate","DateTime":"2008-10-08T00:00:00","Value":1.5,"Frequency":"Daily","LastUpdate":"2011-06-27T00:00:00","HistoricalDataSymbol":"FDTR","DataType":0,"IsFillForward":false,"Time":"0001-01-01T00:00:00","Symbol":{"Value":"","ID":" ","Permtick":""},"Price":1.5},{"Country":"United States","Category":"Interest Rate","DateTime":"2008-10-29T00:00:00","Value":1.0,"Frequency":"Daily","LastUpdate":"2011-06-27T00:00:00","HistoricalDataSymbol":"FDTR","DataType":0,"IsFillForward":false,"Time":"0001-01-01T00:00:00","Symbol":{"Value":"","ID":" ","Permtick":""},"Price":1.0},{"Country":"United States","Category":"Interest Rate","DateTime":"2008-11-03T00:00:00","Value":1.0,"Frequency":"Daily","LastUpdate":"2011-06-27T00:00:00","HistoricalDataSymbol":"FDTR","DataType":0,"IsFillForward":false,"Time":"0001-01-01T00:00:00","Symbol":{"Value":"","ID":" ","Permtick":""},"Price":1.0},{"Country":"United States","Category":"Interest Rate","DateTime":"2008-12-01T00:00:00","Value":1.0,"Frequency":"Daily","LastUpdate":"2011-06-27T00:00:00","HistoricalDataSymbol":"FDTR","DataType":0,"IsFillForward":false,"Time":"0001-01-01T00:00:00","Symbol":{"Value":"","ID":" ","Permtick":""},"Price":1.0},{"Country":"United States","Category":"Interest Rate","DateTime":"2008-12-16T00:00:00","Value":0.25,"Frequency":"Daily","LastUpdate":"2011-06-27T00:00:00","HistoricalDataSymbol":"FDTR","DataType":0,"IsFillForward":false,"Time":"0001-01-01T00:00:00","Symbol":{"Value":"","ID":" ","Permtick":""},"Price":0.25},{"Country":"United States","Category":"Interest Rate","DateTime":"2009-01-02T00:00:00","Value":0.25,"Frequency":"Daily","LastUpdate":"2011-06-27T00:00:00","HistoricalDataSymbol":"FDTR","DataType":0,"IsFillForward":false,"Time":"0001-01-01T00:00:00","Symbol":{"Value":"","ID":" ","Permtick":""},"Price":0.25},{"Country":"United States","Category":"Interest Rate","DateTime":"2009-02-02T00:00:00","Value":0.25,"Frequency":"Daily","LastUpdate":"2011-06-27T00:00:00","HistoricalDataSymbol":"FDTR","DataType":0,"IsFillForward":false,"Time":"0001-01-01T00:00:00","Symbol":{"Value":"","ID":" ","Permtick":""},"Price":0.25},{"Country":"United States","Category":"Interest Rate","DateTime":"2009-03-02T00:00:00","Value":0.25,"Frequency":"Daily","LastUpdate":"2011-06-27T00:00:00","HistoricalDataSymbol":"FDTR","DataType":0,"IsFillForward":false,"Time":"0001-01-01T00:00:00","Symbol":{"Value":"","ID":" ","Permtick":""},"Price":0.25},{"Country":"United States","Category":"Interest Rate","DateTime":"2009-04-01T00:00:00","Value":0.25,"Frequency":"Daily","LastUpdate":"2011-06-27T00:00:00","HistoricalDataSymbol":"FDTR","DataType":0,"IsFillForward":false,"Time":"0001-01-01T00:00:00","Symbol":{"Value":"","ID":" ","Permtick":""},"Price":0.25},{"Country":"United States","Category":"Interest Rate","DateTime":"2009-05-01T00:00:00","Value":0.25,"Frequency":"Daily","LastUpdate":"2011-06-27T00:00:00","HistoricalDataSymbol":"FDTR","DataType":0,"IsFillForward":false,"Time":"0001-01-01T00:00:00","Symbol":{"Value":"","ID":" ","Permtick":""},"Price":0.25},{"Country":"United States","Category":"Interest Rate","DateTime":"2009-06-01T00:00:00","Value":0.25,"Frequency":"Daily","LastUpdate":"2011-06-27T00:00:00","HistoricalDataSymbol":"FDTR","DataType":0,"IsFillForward":false,"Time":"0001-01-01T00:00:00","Symbol":{"Value":"","ID":" ","Permtick":""},"Price":0.25},{"Country":"United States","Category":"Interest Rate","DateTime":"2009-07-01T00:00:00","Value":0.25,"Frequency":"Daily","LastUpdate":"2011-06-27T00:00:00","HistoricalDataSymbol":"FDTR","DataType":0,"IsFillForward":false,"Time":"0001-01-01T00:00:00","Symbol":{"Value":"","ID":" ","Permtick":""},"Price":0.25},{"Country":"United States","Category":"Interest Rate","DateTime":"2009-08-03T00:00:00","Value":0.25,"Frequency":"Daily","LastUpdate":"2011-06-27T00:00:00","HistoricalDataSymbol":"FDTR","DataType":0,"IsFillForward":false,"Time":"0001-01-01T00:00:00","Symbol":{"Value":"","ID":" ","Permtick":""},"Price":0.25},{"Country":"United States","Category":"Interest Rate","DateTime":"2009-09-01T00:00:00","Value":0.25,"Frequency":"Daily","LastUpdate":"2011-06-27T00:00:00","HistoricalDataSymbol":"FDTR","DataType":0,"IsFillForward":false,"Time":"0001-01-01T00:00:00","Symbol":{"Value":"","ID":" ","Permtick":""},"Price":0.25},{"Country":"United States","Category":"Interest Rate","DateTime":"2009-10-01T00:00:00","Value":0.25,"Frequency":"Daily","LastUpdate":"2011-06-27T00:00:00","HistoricalDataSymbol":"FDTR","DataType":0,"IsFillForward":false,"Time":"0001-01-01T00:00:00","Symbol":{"Value":"","ID":" ","Permtick":""},"Price":0.25},{"Country":"United States","Category":"Interest Rate","DateTime":"2009-11-02T00:00:00","Value":0.25,"Frequency":"Daily","LastUpdate":"2011-06-27T00:00:00","HistoricalDataSymbol":"FDTR","DataType":0,"IsFillForward":false,"Time":"0001-01-01T00:00:00","Symbol":{"Value":"","ID":" ","Permtick":""},"Price":0.25},{"Country":"United States","Category":"Interest Rate","DateTime":"2009-12-01T00:00:00","Value":0.25,"Frequency":"Daily","LastUpdate":"2011-06-27T00:00:00","HistoricalDataSymbol":"FDTR","DataType":0,"IsFillForward":false,"Time":"0001-01-01T00:00:00","Symbol":{"Value":"","ID":" ","Permtick":""},"Price":0.25},{"Country":"United States","Category":"Interest Rate","DateTime":"2010-01-04T00:00:00","Value":0.25,"Frequency":"Daily","LastUpdate":"2011-06-27T00:00:00","HistoricalDataSymbol":"FDTR","DataType":0,"IsFillForward":false,"Time":"0001-01-01T00:00:00","Symbol":{"Value":"","ID":" ","Permtick":""},"Price":0.25},{"Country":"United States","Category":"Interest Rate","DateTime":"2010-02-01T00:00:00","Value":0.25,"Frequency":"Daily","LastUpdate":"2011-06-27T00:00:00","HistoricalDataSymbol":"FDTR","DataType":0,"IsFillForward":false,"Time":"0001-01-01T00:00:00","Symbol":{"Value":"","ID":" ","Permtick":""},"Price":0.25},{"Country":"United States","Category":"Interest Rate","DateTime":"2010-03-01T00:00:00","Value":0.25,"Frequency":"Daily","LastUpdate":"2011-06-27T00:00:00","HistoricalDataSymbol":"FDTR","DataType":0,"IsFillForward":false,"Time":"0001-01-01T00:00:00","Symbol":{"Value":"","ID":" ","Permtick":""},"Price":0.25},{"Country":"United States","Category":"Interest Rate","DateTime":"2010-04-01T00:00:00","Value":0.25,"Frequency":"Daily","LastUpdate":"2011-06-27T00:00:00","HistoricalDataSymbol":"FDTR","DataType":0,"IsFillForward":false,"Time":"0001-01-01T00:00:00","Symbol":{"Value":"","ID":" ","Permtick":""},"Price":0.25},{"Country":"United States","Category":"Interest Rate","DateTime":"2010-05-03T00:00:00","Value":0.25,"Frequency":"Daily","LastUpdate":"2011-06-27T00:00:00","HistoricalDataSymbol":"FDTR","DataType":0,"IsFillForward":false,"Time":"0001-01-01T00:00:00","Symbol":{"Value":"","ID":" ","Permtick":""},"Price":0.25},{"Country":"United States","Category":"Interest Rate","DateTime":"2010-06-01T00:00:00","Value":0.25,"Frequency":"Daily","LastUpdate":"2011-06-27T00:00:00","HistoricalDataSymbol":"FDTR","DataType":0,"IsFillForward":false,"Time":"0001-01-01T00:00:00","Symbol":{"Value":"","ID":" ","Permtick":""},"Price":0.25},{"Country":"United States","Category":"Interest Rate","DateTime":"2010-07-01T00:00:00","Value":0.25,"Frequency":"Daily","LastUpdate":"2011-06-27T00:00:00","HistoricalDataSymbol":"FDTR","DataType":0,"IsFillForward":false,"Time":"0001-01-01T00:00:00","Symbol":{"Value":"","ID":" ","Permtick":""},"Price":0.25},{"Country":"United States","Category":"Interest Rate","DateTime":"2010-08-02T00:00:00","Value":0.25,"Frequency":"Daily","LastUpdate":"2011-06-27T00:00:00","HistoricalDataSymbol":"FDTR","DataType":0,"IsFillForward":false,"Time":"0001-01-01T00:00:00","Symbol":{"Value":"","ID":" ","Permtick":""},"Price":0.25},{"Country":"United States","Category":"Interest Rate","DateTime":"2010-09-21T00:00:00","Value":0.25,"Frequency":"Daily","LastUpdate":"2011-06-27T00:00:00","HistoricalDataSymbol":"FDTR","DataType":0,"IsFillForward":false,"Time":"0001-01-01T00:00:00","Symbol":{"Value":"","ID":" ","Permtick":""},"Price":0.25},{"Country":"United States","Category":"Interest Rate","DateTime":"2010-10-30T00:00:00","Value":0.25,"Frequency":"Daily","LastUpdate":"2011-06-27T00:00:00","HistoricalDataSymbol":"FDTR","DataType":0,"IsFillForward":false,"Time":"0001-01-01T00:00:00","Symbol":{"Value":"","ID":" ","Permtick":""},"Price":0.25},{"Country":"United States","Category":"Interest Rate","DateTime":"2010-11-04T00:00:00","Value":0.25,"Frequency":"Daily","LastUpdate":"2011-06-27T00:00:00","HistoricalDataSymbol":"FDTR","DataType":0,"IsFillForward":false,"Time":"0001-01-01T00:00:00","Symbol":{"Value":"","ID":" ","Permtick":""},"Price":0.25},{"Country":"United States","Category":"Interest Rate","DateTime":"2010-12-14T00:00:00","Value":0.25,"Frequency":"Daily","LastUpdate":"2011-06-27T00:00:00","HistoricalDataSymbol":"FDTR","DataType":0,"IsFillForward":false,"Time":"0001-01-01T00:00:00","Symbol":{"Value":"","ID":" ","Permtick":""},"Price":0.25},{"Country":"United States","Category":"Interest Rate","DateTime":"2011-01-26T00:00:00","Value":0.25,"Frequency":"Daily","LastUpdate":"2011-06-27T00:00:00","HistoricalDataSymbol":"FDTR","DataType":0,"IsFillForward":false,"Time":"0001-01-01T00:00:00","Symbol":{"Value":"","ID":" ","Permtick":""},"Price":0.25},{"Country":"United States","Category":"Interest Rate","DateTime":"2011-02-28T00:00:00","Value":0.25,"Frequency":"Daily","LastUpdate":"2011-06-27T00:00:00","HistoricalDataSymbol":"FDTR","DataType":0,"IsFillForward":false,"Time":"0001-01-01T00:00:00","Symbol":{"Value":"","ID":" ","Permtick":""},"Price":0.25},{"Country":"United States","Category":"Interest Rate","DateTime":"2011-03-15T00:00:00","Value":0.25,"Frequency":"Daily","LastUpdate":"2011-06-27T00:00:00","HistoricalDataSymbol":"FDTR","DataType":0,"IsFillForward":false,"Time":"0001-01-01T00:00:00","Symbol":{"Value":"","ID":" ","Permtick":""},"Price":0.25},{"Country":"United States","Category":"Interest Rate","DateTime":"2011-04-03T00:00:00","Value":0.25,"Frequency":"Daily","LastUpdate":"2012-04-05T11:14:00","HistoricalDataSymbol":"FDTR","DataType":0,"IsFillForward":false,"Time":"0001-01-01T00:00:00","Symbol":{"Value":"","ID":" ","Permtick":""},"Price":0.25},{"Country":"United States","Category":"Interest Rate","DateTime":"2011-04-27T00:00:00","Value":0.25,"Frequency":"Daily","LastUpdate":"2011-06-27T00:00:00","HistoricalDataSymbol":"FDTR","DataType":0,"IsFillForward":false,"Time":"0001-01-01T00:00:00","Symbol":{"Value":"","ID":" ","Permtick":""},"Price":0.25},{"Country":"United States","Category":"Interest Rate","DateTime":"2011-05-31T00:00:00","Value":0.25,"Frequency":"Daily","LastUpdate":"2011-06-27T00:00:00","HistoricalDataSymbol":"FDTR","DataType":0,"IsFillForward":false,"Time":"0001-01-01T00:00:00","Symbol":{"Value":"","ID":" ","Permtick":""},"Price":0.25},{"Country":"United States","Category":"Interest Rate","DateTime":"2011-06-22T00:00:00","Value":0.25,"Frequency":"Daily","LastUpdate":"2011-06-27T00:00:00","HistoricalDataSymbol":"FDTR","DataType":0,"IsFillForward":false,"Time":"0001-01-01T00:00:00","Symbol":{"Value":"","ID":" ","Permtick":""},"Price":0.25},{"Country":"United States","Category":"Interest Rate","DateTime":"2011-07-31T00:00:00","Value":0.25,"Frequency":"Daily","LastUpdate":"2011-08-09T19:31:00","HistoricalDataSymbol":"FDTR","DataType":0,"IsFillForward":false,"Time":"0001-01-01T00:00:00","Symbol":{"Value":"","ID":" ","Permtick":""},"Price":0.25},{"Country":"United States","Category":"Interest Rate","DateTime":"2011-08-09T00:00:00","Value":0.25,"Frequency":"Daily","LastUpdate":"2011-08-09T19:31:00","HistoricalDataSymbol":"FDTR","DataType":0,"IsFillForward":false,"Time":"0001-01-01T00:00:00","Symbol":{"Value":"","ID":" ","Permtick":""},"Price":0.25},{"Country":"United States","Category":"Interest Rate","DateTime":"2011-09-30T00:00:00","Value":0.25,"Frequency":"Daily","LastUpdate":"2011-11-02T16:38:00","HistoricalDataSymbol":"FDTR","DataType":0,"IsFillForward":false,"Time":"0001-01-01T00:00:00","Symbol":{"Value":"","ID":" ","Permtick":""},"Price":0.25},{"Country":"United States","Category":"Interest Rate","DateTime":"2011-10-31T00:00:00","Value":0.25,"Frequency":"Daily","LastUpdate":"2011-11-02T16:38:00","HistoricalDataSymbol":"FDTR","DataType":0,"IsFillForward":false,"Time":"0001-01-01T00:00:00","Symbol":{"Value":"","ID":" ","Permtick":""},"Price":0.25},{"Country":"United States","Category":"Interest Rate","DateTime":"2011-11-02T00:00:00","Value":0.25,"Frequency":"Daily","LastUpdate":"2011-11-02T16:38:00","HistoricalDataSymbol":"FDTR","DataType":0,"IsFillForward":false,"Time":"0001-01-01T00:00:00","Symbol":{"Value":"","ID":" ","Permtick":""},"Price":0.25},{"Country":"United States","Category":"Interest Rate","DateTime":"2011-12-13T00:00:00","Value":0.25,"Frequency":"Daily","LastUpdate":"2011-12-13T23:06:00","HistoricalDataSymbol":"FDTR","DataType":0,"IsFillForward":false,"Time":"0001-01-01T00:00:00","Symbol":{"Value":"","ID":" ","Permtick":""},"Price":0.25},{"Country":"United States","Category":"Interest Rate","DateTime":"2012-01-25T00:00:00","Value":0.25,"Frequency":"Daily","LastUpdate":"2012-01-25T17:47:00","HistoricalDataSymbol":"FDTR","DataType":0,"IsFillForward":false,"Time":"0001-01-01T00:00:00","Symbol":{"Value":"","ID":" ","Permtick":""},"Price":0.25},{"Country":"United States","Category":"Interest Rate","DateTime":"2012-02-29T00:00:00","Value":0.25,"Frequency":"Daily","LastUpdate":"2012-03-13T18:32:00","HistoricalDataSymbol":"FDTR","DataType":0,"IsFillForward":false,"Time":"0001-01-01T00:00:00","Symbol":{"Value":"","ID":" ","Permtick":""},"Price":0.25},{"Country":"United States","Category":"Interest Rate","DateTime":"2012-03-13T00:00:00","Value":0.25,"Frequency":"Daily","LastUpdate":"2012-03-13T18:32:00","HistoricalDataSymbol":"FDTR","DataType":0,"IsFillForward":false,"Time":"0001-01-01T00:00:00","Symbol":{"Value":"","ID":" ","Permtick":""},"Price":0.25},{"Country":"United States","Category":"Interest Rate","DateTime":"2012-04-25T00:00:00","Value":0.25,"Frequency":"Daily","LastUpdate":"2012-04-25T21:08:00","HistoricalDataSymbol":"FDTR","DataType":0,"IsFillForward":false,"Time":"0001-01-01T00:00:00","Symbol":{"Value":"","ID":" ","Permtick":""},"Price":0.25},{"Country":"United States","Category":"Interest Rate","DateTime":"2012-05-31T00:00:00","Value":0.25,"Frequency":"Daily","LastUpdate":"2012-06-21T09:37:00","HistoricalDataSymbol":"FDTR","DataType":0,"IsFillForward":false,"Time":"0001-01-01T00:00:00","Symbol":{"Value":"","ID":" ","Permtick":""},"Price":0.25},{"Country":"United States","Category":"Interest Rate","DateTime":"2012-06-20T00:00:00","Value":0.25,"Frequency":"Daily","LastUpdate":"2012-06-21T09:38:00","HistoricalDataSymbol":"FDTR","DataType":0,"IsFillForward":false,"Time":"0001-01-01T00:00:00","Symbol":{"Value":"","ID":" ","Permtick":""},"Price":0.25},{"Country":"United States","Category":"Interest Rate","DateTime":"2012-07-31T00:00:00","Value":0.25,"Frequency":"Daily","LastUpdate":"2012-08-01T19:35:00","HistoricalDataSymbol":"FDTR","DataType":0,"IsFillForward":false,"Time":"0001-01-01T00:00:00","Symbol":{"Value":"","ID":" ","Permtick":""},"Price":0.25},{"Country":"United States","Category":"Interest Rate","DateTime":"2012-08-01T00:00:00","Value":0.25,"Frequency":"Daily","LastUpdate":"2012-08-01T19:35:00","HistoricalDataSymbol":"FDTR","DataType":0,"IsFillForward":false,"Time":"0001-01-01T00:00:00","Symbol":{"Value":"","ID":" ","Permtick":""},"Price":0.25},{"Country":"United States","Category":"Interest Rate","DateTime":"2012-09-13T00:00:00","Value":0.25,"Frequency":"Daily","LastUpdate":"2012-09-13T18:07:00","HistoricalDataSymbol":"FDTR","DataType":0,"IsFillForward":false,"Time":"0001-01-01T00:00:00","Symbol":{"Value":"","ID":" ","Permtick":""},"Price":0.25},{"Country":"United States","Category":"Interest Rate","DateTime":"2012-10-24T00:00:00","Value":0.25,"Frequency":"Daily","LastUpdate":"2012-10-24T19:16:00","HistoricalDataSymbol":"FDTR","DataType":0,"IsFillForward":false,"Time":"0001-01-01T00:00:00","Symbol":{"Value":"","ID":" ","Permtick":""},"Price":0.25},{"Country":"United States","Category":"Interest Rate","DateTime":"2012-11-30T00:00:00","Value":0.25,"Frequency":"Daily","LastUpdate":"2012-12-05T12:59:00","HistoricalDataSymbol":"FDTR","DataType":0,"IsFillForward":false,"Time":"0001-01-01T00:00:00","Symbol":{"Value":"","ID":" ","Permtick":""},"Price":0.25},{"Country":"United States","Category":"Interest Rate","DateTime":"2012-12-12T00:00:00","Value":0.25,"Frequency":"Daily","LastUpdate":"2012-12-12T17:34:00","HistoricalDataSymbol":"FDTR","DataType":0,"IsFillForward":false,"Time":"0001-01-01T00:00:00","Symbol":{"Value":"","ID":" ","Permtick":""},"Price":0.25},{"Country":"United States","Category":"Interest Rate","DateTime":"2013-01-30T00:00:00","Value":0.25,"Frequency":"Daily","LastUpdate":"2013-01-31T08:28:00","HistoricalDataSymbol":"FDTR","DataType":0,"IsFillForward":false,"Time":"0001-01-01T00:00:00","Symbol":{"Value":"","ID":" ","Permtick":""},"Price":0.25},{"Country":"United States","Category":"Interest Rate","DateTime":"2013-02-28T00:00:00","Value":0.25,"Frequency":"Daily","LastUpdate":"2013-03-12T15:25:00","HistoricalDataSymbol":"FDTR","DataType":0,"IsFillForward":false,"Time":"0001-01-01T00:00:00","Symbol":{"Value":"","ID":" ","Permtick":""},"Price":0.25},{"Country":"United States","Category":"Interest Rate","DateTime":"2013-03-20T00:00:00","Value":0.25,"Frequency":"Daily","LastUpdate":"2013-03-20T18:18:00","HistoricalDataSymbol":"FDTR","DataType":0,"IsFillForward":false,"Time":"0001-01-01T00:00:00","Symbol":{"Value":"","ID":" ","Permtick":""},"Price":0.25},{"Country":"United States","Category":"Interest Rate","DateTime":"2013-04-30T00:00:00","Value":0.25,"Frequency":"Daily","LastUpdate":"2013-05-01T19:12:00","HistoricalDataSymbol":"FDTR","DataType":0,"IsFillForward":false,"Time":"0001-01-01T00:00:00","Symbol":{"Value":"","ID":" ","Permtick":""},"Price":0.25},{"Country":"United States","Category":"Interest Rate","DateTime":"2013-05-01T00:00:00","Value":0.25,"Frequency":"Daily","LastUpdate":"2013-05-01T19:01:00","HistoricalDataSymbol":"FDTR","DataType":0,"IsFillForward":false,"Time":"0001-01-01T00:00:00","Symbol":{"Value":"","ID":" ","Permtick":""},"Price":0.25},{"Country":"United States","Category":"Interest Rate","DateTime":"2013-06-19T00:00:00","Value":0.25,"Frequency":"Daily","LastUpdate":"2013-06-19T19:01:00","HistoricalDataSymbol":"FDTR","DataType":0,"IsFillForward":false,"Time":"0001-01-01T00:00:00","Symbol":{"Value":"","ID":" ","Permtick":""},"Price":0.25},{"Country":"United States","Category":"Interest Rate","DateTime":"2013-07-31T00:00:00","Value":0.25,"Frequency":"Daily","LastUpdate":"2013-07-31T19:02:00","HistoricalDataSymbol":"FDTR","DataType":0,"IsFillForward":false,"Time":"0001-01-01T00:00:00","Symbol":{"Value":"","ID":" ","Permtick":""},"Price":0.25},{"Country":"United States","Category":"Interest Rate","DateTime":"2013-08-31T00:00:00","Value":0.25,"Frequency":"Daily","LastUpdate":"2013-08-30T13:32:00","HistoricalDataSymbol":"FDTR","DataType":0,"IsFillForward":false,"Time":"0001-01-01T00:00:00","Symbol":{"Value":"","ID":" ","Permtick":""},"Price":0.25},{"Country":"United States","Category":"Interest Rate","DateTime":"2013-09-18T00:00:00","Value":0.25,"Frequency":"Daily","LastUpdate":"2013-10-02T12:40:00","HistoricalDataSymbol":"FDTR","DataType":0,"IsFillForward":false,"Time":"0001-01-01T00:00:00","Symbol":{"Value":"","ID":" ","Permtick":""},"Price":0.25},{"Country":"United States","Category":"Interest Rate","DateTime":"2013-10-30T00:00:00","Value":0.25,"Frequency":"Daily","LastUpdate":"2013-10-30T18:01:00","HistoricalDataSymbol":"FDTR","DataType":0,"IsFillForward":false,"Time":"0001-01-01T00:00:00","Symbol":{"Value":"","ID":" ","Permtick":""},"Price":0.25},{"Country":"United States","Category":"Interest Rate","DateTime":"2013-11-30T00:00:00","Value":0.25,"Frequency":"Daily","LastUpdate":"2013-12-16T13:55:00","HistoricalDataSymbol":"FDTR","DataType":0,"IsFillForward":false,"Time":"0001-01-01T00:00:00","Symbol":{"Value":"","ID":" ","Permtick":""},"Price":0.25},{"Country":"United States","Category":"Interest Rate","DateTime":"2013-12-18T00:00:00","Value":0.25,"Frequency":"Daily","LastUpdate":"2014-01-09T18:30:00","HistoricalDataSymbol":"FDTR","DataType":0,"IsFillForward":false,"Time":"0001-01-01T00:00:00","Symbol":{"Value":"","ID":" ","Permtick":""},"Price":0.25},{"Country":"United States","Category":"Interest Rate","DateTime":"2014-01-29T00:00:00","Value":0.25,"Frequency":"Daily","LastUpdate":"2014-01-29T20:18:00","HistoricalDataSymbol":"FDTR","DataType":0,"IsFillForward":false,"Time":"0001-01-01T00:00:00","Symbol":{"Value":"","ID":" ","Permtick":""},"Price":0.25},{"Country":"United States","Category":"Interest Rate","DateTime":"2014-02-28T00:00:00","Value":0.25,"Frequency":"Daily","LastUpdate":"2014-03-03T12:43:00","HistoricalDataSymbol":"FDTR","DataType":0,"IsFillForward":false,"Time":"0001-01-01T00:00:00","Symbol":{"Value":"","ID":" ","Permtick":""},"Price":0.25},{"Country":"United States","Category":"Interest Rate","DateTime":"2014-03-19T00:00:00","Value":0.25,"Frequency":"Daily","LastUpdate":"2014-03-19T18:02:00","HistoricalDataSymbol":"FDTR","DataType":0,"IsFillForward":false,"Time":"0001-01-01T00:00:00","Symbol":{"Value":"","ID":" ","Permtick":""},"Price":0.25},{"Country":"United States","Category":"Interest Rate","DateTime":"2014-04-30T00:00:00","Value":0.25,"Frequency":"Daily","LastUpdate":"2014-04-30T19:01:00","HistoricalDataSymbol":"FDTR","DataType":0,"IsFillForward":false,"Time":"0001-01-01T00:00:00","Symbol":{"Value":"","ID":" ","Permtick":""},"Price":0.25},{"Country":"United States","Category":"Interest Rate","DateTime":"2014-05-31T00:00:00","Value":0.25,"Frequency":"Daily","LastUpdate":"2014-06-04T11:53:00","HistoricalDataSymbol":"FDTR","DataType":0,"IsFillForward":false,"Time":"0001-01-01T00:00:00","Symbol":{"Value":"","ID":" ","Permtick":""},"Price":0.25},{"Country":"United States","Category":"Interest Rate","DateTime":"2014-06-18T00:00:00","Value":0.25,"Frequency":"Daily","LastUpdate":"2014-06-18T19:02:00","HistoricalDataSymbol":"FDTR","DataType":0,"IsFillForward":false,"Time":"0001-01-01T00:00:00","Symbol":{"Value":"","ID":" ","Permtick":""},"Price":0.25},{"Country":"United States","Category":"Interest Rate","DateTime":"2014-07-30T00:00:00","Value":0.25,"Frequency":"Daily","LastUpdate":"2014-07-30T19:01:00","HistoricalDataSymbol":"FDTR","DataType":0,"IsFillForward":false,"Time":"0001-01-01T00:00:00","Symbol":{"Value":"","ID":" ","Permtick":""},"Price":0.25},{"Country":"United States","Category":"Interest Rate","DateTime":"2014-08-31T00:00:00","Value":0.25,"Frequency":"Daily","LastUpdate":"2014-09-15T17:33:00","HistoricalDataSymbol":"FDTR","DataType":0,"IsFillForward":false,"Time":"0001-01-01T00:00:00","Symbol":{"Value":"","ID":" ","Permtick":""},"Price":0.25},{"Country":"United States","Category":"Interest Rate","DateTime":"2014-09-17T00:00:00","Value":0.25,"Frequency":"Daily","LastUpdate":"2014-09-17T19:02:00","HistoricalDataSymbol":"FDTR","DataType":0,"IsFillForward":false,"Time":"0001-01-01T00:00:00","Symbol":{"Value":"","ID":" ","Permtick":""},"Price":0.25},{"Country":"United States","Category":"Interest Rate","DateTime":"2014-10-29T00:00:00","Value":0.25,"Frequency":"Daily","LastUpdate":"2014-10-29T18:01:00","HistoricalDataSymbol":"FDTR","DataType":0,"IsFillForward":false,"Time":"0001-01-01T00:00:00","Symbol":{"Value":"","ID":" ","Permtick":""},"Price":0.25},{"Country":"United States","Category":"Interest Rate","DateTime":"2014-11-30T00:00:00","Value":0.25,"Frequency":"Daily","LastUpdate":"2019-04-11T16:36:00","HistoricalDataSymbol":"FDTR","DataType":0,"IsFillForward":false,"Time":"0001-01-01T00:00:00","Symbol":{"Value":"","ID":" ","Permtick":""},"Price":0.25},{"Country":"United States","Category":"Interest Rate","DateTime":"2014-12-17T00:00:00","Value":0.25,"Frequency":"Daily","LastUpdate":"2014-12-17T19:08:00","HistoricalDataSymbol":"FDTR","DataType":0,"IsFillForward":false,"Time":"0001-01-01T00:00:00","Symbol":{"Value":"","ID":" ","Permtick":""},"Price":0.25},{"Country":"United States","Category":"Interest Rate","DateTime":"2015-01-28T00:00:00","Value":0.25,"Frequency":"Daily","LastUpdate":"2015-01-28T19:02:00","HistoricalDataSymbol":"FDTR","DataType":0,"IsFillForward":false,"Time":"0001-01-01T00:00:00","Symbol":{"Value":"","ID":" ","Permtick":""},"Price":0.25},{"Country":"United States","Category":"Interest Rate","DateTime":"2015-02-28T00:00:00","Value":0.25,"Frequency":"Daily","LastUpdate":"2015-03-18T18:01:00","HistoricalDataSymbol":"FDTR","DataType":0,"IsFillForward":false,"Time":"0001-01-01T00:00:00","Symbol":{"Value":"","ID":" ","Permtick":""},"Price":0.25},{"Country":"United States","Category":"Interest Rate","DateTime":"2015-03-18T00:00:00","Value":0.25,"Frequency":"Daily","LastUpdate":"2015-03-18T18:01:00","HistoricalDataSymbol":"FDTR","DataType":0,"IsFillForward":false,"Time":"0001-01-01T00:00:00","Symbol":{"Value":"","ID":" ","Permtick":""},"Price":0.25},{"Country":"United States","Category":"Interest Rate","DateTime":"2015-04-29T00:00:00","Value":0.25,"Frequency":"Daily","LastUpdate":"2015-04-29T19:01:00","HistoricalDataSymbol":"FDTR","DataType":0,"IsFillForward":false,"Time":"0001-01-01T00:00:00","Symbol":{"Value":"","ID":" ","Permtick":""},"Price":0.25},{"Country":"United States","Category":"Interest Rate","DateTime":"2015-05-31T00:00:00","Value":0.25,"Frequency":"Daily","LastUpdate":"2015-06-18T18:01:00","HistoricalDataSymbol":"FDTR","DataType":0,"IsFillForward":false,"Time":"0001-01-01T00:00:00","Symbol":{"Value":"","ID":" ","Permtick":""},"Price":0.25},{"Country":"United States","Category":"Interest Rate","DateTime":"2015-06-17T00:00:00","Value":0.25,"Frequency":"Daily","LastUpdate":"2015-06-17T19:00:00","HistoricalDataSymbol":"FDTR","DataType":0,"IsFillForward":false,"Time":"0001-01-01T00:00:00","Symbol":{"Value":"","ID":" ","Permtick":""},"Price":0.25},{"Country":"United States","Category":"Interest Rate","DateTime":"2015-07-29T00:00:00","Value":0.25,"Frequency":"Daily","LastUpdate":"2015-07-29T19:00:00","HistoricalDataSymbol":"FDTR","DataType":0,"IsFillForward":false,"Time":"0001-01-01T00:00:00","Symbol":{"Value":"","ID":" ","Permtick":""},"Price":0.25},{"Country":"United States","Category":"Interest Rate","DateTime":"2015-08-31T00:00:00","Value":0.25,"Frequency":"Daily","LastUpdate":"2015-09-02T16:10:00","HistoricalDataSymbol":"FDTR","DataType":0,"IsFillForward":false,"Time":"0001-01-01T00:00:00","Symbol":{"Value":"","ID":" ","Permtick":""},"Price":0.25},{"Country":"United States","Category":"Interest Rate","DateTime":"2015-09-17T00:00:00","Value":0.25,"Frequency":"Daily","LastUpdate":"2015-09-17T19:00:00","HistoricalDataSymbol":"FDTR","DataType":0,"IsFillForward":false,"Time":"0001-01-01T00:00:00","Symbol":{"Value":"","ID":" ","Permtick":""},"Price":0.25},{"Country":"United States","Category":"Interest Rate","DateTime":"2015-10-28T00:00:00","Value":0.25,"Frequency":"Daily","LastUpdate":"2015-10-28T18:00:00","HistoricalDataSymbol":"FDTR","DataType":0,"IsFillForward":false,"Time":"0001-01-01T00:00:00","Symbol":{"Value":"","ID":" ","Permtick":""},"Price":0.25},{"Country":"United States","Category":"Interest Rate","DateTime":"2015-11-30T00:00:00","Value":0.25,"Frequency":"Daily","LastUpdate":"2015-12-01T14:32:00","HistoricalDataSymbol":"FDTR","DataType":0,"IsFillForward":false,"Time":"0001-01-01T00:00:00","Symbol":{"Value":"","ID":" ","Permtick":""},"Price":0.25},{"Country":"United States","Category":"Interest Rate","DateTime":"2015-12-16T00:00:00","Value":0.5,"Frequency":"Daily","LastUpdate":"2015-12-16T19:00:00","HistoricalDataSymbol":"FDTR","DataType":0,"IsFillForward":false,"Time":"0001-01-01T00:00:00","Symbol":{"Value":"","ID":" ","Permtick":""},"Price":0.5},{"Country":"United States","Category":"Interest Rate","DateTime":"2016-01-27T00:00:00","Value":0.5,"Frequency":"Daily","LastUpdate":"2016-01-27T19:08:00","HistoricalDataSymbol":"FDTR","DataType":0,"IsFillForward":false,"Time":"0001-01-01T00:00:00","Symbol":{"Value":"","ID":" ","Permtick":""},"Price":0.5},{"Country":"United States","Category":"Interest Rate","DateTime":"2016-02-29T00:00:00","Value":0.5,"Frequency":"Daily","LastUpdate":"2016-03-07T13:37:00","HistoricalDataSymbol":"FDTR","DataType":0,"IsFillForward":false,"Time":"0001-01-01T00:00:00","Symbol":{"Value":"","ID":" ","Permtick":""},"Price":0.5},{"Country":"United States","Category":"Interest Rate","DateTime":"2016-03-16T00:00:00","Value":0.5,"Frequency":"Daily","LastUpdate":"2016-03-16T18:00:00","HistoricalDataSymbol":"FDTR","DataType":0,"IsFillForward":false,"Time":"0001-01-01T00:00:00","Symbol":{"Value":"","ID":" ","Permtick":""},"Price":0.5},{"Country":"United States","Category":"Interest Rate","DateTime":"2016-04-27T00:00:00","Value":0.5,"Frequency":"Daily","LastUpdate":"2016-04-27T19:00:00","HistoricalDataSymbol":"FDTR","DataType":0,"IsFillForward":false,"Time":"0001-01-01T00:00:00","Symbol":{"Value":"","ID":" ","Permtick":""},"Price":0.5},{"Country":"United States","Category":"Interest Rate","DateTime":"2016-05-31T00:00:00","Value":0.5,"Frequency":"Daily","LastUpdate":"2016-06-01T14:31:00","HistoricalDataSymbol":"FDTR","DataType":0,"IsFillForward":false,"Time":"0001-01-01T00:00:00","Symbol":{"Value":"","ID":" ","Permtick":""},"Price":0.5},{"Country":"United States","Category":"Interest Rate","DateTime":"2016-06-15T00:00:00","Value":0.5,"Frequency":"Daily","LastUpdate":"2016-06-15T19:00:00","HistoricalDataSymbol":"FDTR","DataType":0,"IsFillForward":false,"Time":"0001-01-01T00:00:00","Symbol":{"Value":"","ID":" ","Permtick":""},"Price":0.5},{"Country":"United States","Category":"Interest Rate","DateTime":"2016-07-27T00:00:00","Value":0.5,"Frequency":"Daily","LastUpdate":"2016-07-27T19:00:00","HistoricalDataSymbol":"FDTR","DataType":0,"IsFillForward":false,"Time":"0001-01-01T00:00:00","Symbol":{"Value":"","ID":" ","Permtick":""},"Price":0.5},{"Country":"United States","Category":"Interest Rate","DateTime":"2016-08-31T00:00:00","Value":0.5,"Frequency":"Daily","LastUpdate":"2016-08-31T17:06:00","HistoricalDataSymbol":"FDTR","DataType":0,"IsFillForward":false,"Time":"0001-01-01T00:00:00","Symbol":{"Value":"","ID":" ","Permtick":""},"Price":0.5},{"Country":"United States","Category":"Interest Rate","DateTime":"2016-09-21T00:00:00","Value":0.5,"Frequency":"Daily","LastUpdate":"2016-09-21T18:00:00","HistoricalDataSymbol":"FDTR","DataType":0,"IsFillForward":false,"Time":"0001-01-01T00:00:00","Symbol":{"Value":"","ID":" ","Permtick":""},"Price":0.5},{"Country":"United States","Category":"Interest Rate","DateTime":"2016-10-31T00:00:00","Value":0.5,"Frequency":"Daily","LastUpdate":"2016-10-31T18:15:00","HistoricalDataSymbol":"FDTR","DataType":0,"IsFillForward":false,"Time":"0001-01-01T00:00:00","Symbol":{"Value":"","ID":" ","Permtick":""},"Price":0.5},{"Country":"United States","Category":"Interest Rate","DateTime":"2016-11-02T00:00:00","Value":0.5,"Frequency":"Daily","LastUpdate":"2016-11-02T18:00:00","HistoricalDataSymbol":"FDTR","DataType":0,"IsFillForward":false,"Time":"0001-01-01T00:00:00","Symbol":{"Value":"","ID":" ","Permtick":""},"Price":0.5},{"Country":"United States","Category":"Interest Rate","DateTime":"2016-12-14T00:00:00","Value":0.75,"Frequency":"Daily","LastUpdate":"2016-12-14T19:00:00","HistoricalDataSymbol":"FDTR","DataType":0,"IsFillForward":false,"Time":"0001-01-01T00:00:00","Symbol":{"Value":"","ID":" ","Permtick":""},"Price":0.75},{"Country":"United States","Category":"Interest Rate","DateTime":"2017-01-31T00:00:00","Value":0.75,"Frequency":"Daily","LastUpdate":"2017-01-31T18:39:00","HistoricalDataSymbol":"FDTR","DataType":0,"IsFillForward":false,"Time":"0001-01-01T00:00:00","Symbol":{"Value":"","ID":" ","Permtick":""},"Price":0.75},{"Country":"United States","Category":"Interest Rate","DateTime":"2017-02-01T00:00:00","Value":0.75,"Frequency":"Daily","LastUpdate":"2017-02-01T19:00:00","HistoricalDataSymbol":"FDTR","DataType":0,"IsFillForward":false,"Time":"0001-01-01T00:00:00","Symbol":{"Value":"","ID":" ","Permtick":""},"Price":0.75},{"Country":"United States","Category":"Interest Rate","DateTime":"2017-03-15T00:00:00","Value":1.0,"Frequency":"Daily","LastUpdate":"2017-03-15T17:59:00","HistoricalDataSymbol":"FDTR","DataType":0,"IsFillForward":false,"Time":"0001-01-01T00:00:00","Symbol":{"Value":"","ID":" ","Permtick":""},"Price":1.0},{"Country":"United States","Category":"Interest Rate","DateTime":"2017-04-30T00:00:00","Value":1.0,"Frequency":"Daily","LastUpdate":"2017-05-03T18:17:00","HistoricalDataSymbol":"FDTR","DataType":0,"IsFillForward":false,"Time":"0001-01-01T00:00:00","Symbol":{"Value":"","ID":" ","Permtick":""},"Price":1.0},{"Country":"United States","Category":"Interest Rate","DateTime":"2017-05-03T00:00:00","Value":1.0,"Frequency":"Daily","LastUpdate":"2017-05-03T17:59:00","HistoricalDataSymbol":"FDTR","DataType":0,"IsFillForward":false,"Time":"0001-01-01T00:00:00","Symbol":{"Value":"","ID":" ","Permtick":""},"Price":1.0},{"Country":"United States","Category":"Interest Rate","DateTime":"2017-06-14T00:00:00","Value":1.25,"Frequency":"Daily","LastUpdate":"2017-06-14T17:59:00","HistoricalDataSymbol":"FDTR","DataType":0,"IsFillForward":false,"Time":"0001-01-01T00:00:00","Symbol":{"Value":"","ID":" ","Permtick":""},"Price":1.25},{"Country":"United States","Category":"Interest Rate","DateTime":"2017-07-26T00:00:00","Value":1.25,"Frequency":"Daily","LastUpdate":"2017-07-26T17:56:00","HistoricalDataSymbol":"FDTR","DataType":0,"IsFillForward":false,"Time":"0001-01-01T00:00:00","Symbol":{"Value":"","ID":" ","Permtick":""},"Price":1.25},{"Country":"United States","Category":"Interest Rate","DateTime":"2017-08-31T00:00:00","Value":1.25,"Frequency":"Daily","LastUpdate":"2017-09-12T15:46:00","HistoricalDataSymbol":"FDTR","DataType":0,"IsFillForward":false,"Time":"0001-01-01T00:00:00","Symbol":{"Value":"","ID":" ","Permtick":""},"Price":1.25},{"Country":"United States","Category":"Interest Rate","DateTime":"2017-09-20T00:00:00","Value":1.25,"Frequency":"Daily","LastUpdate":"2017-11-01T18:00:00","HistoricalDataSymbol":"FDTR","DataType":0,"IsFillForward":false,"Time":"0001-01-01T00:00:00","Symbol":{"Value":"","ID":" ","Permtick":""},"Price":1.25},{"Country":"United States","Category":"Interest Rate","DateTime":"2017-10-31T00:00:00","Value":1.25,"Frequency":"Daily","LastUpdate":"2017-11-01T18:01:00","HistoricalDataSymbol":"FDTR","DataType":0,"IsFillForward":false,"Time":"0001-01-01T00:00:00","Symbol":{"Value":"","ID":" ","Permtick":""},"Price":1.25},{"Country":"United States","Category":"Interest Rate","DateTime":"2017-11-01T00:00:00","Value":1.25,"Frequency":"Daily","LastUpdate":"2017-11-01T18:00:00","HistoricalDataSymbol":"FDTR","DataType":0,"IsFillForward":false,"Time":"0001-01-01T00:00:00","Symbol":{"Value":"","ID":" ","Permtick":""},"Price":1.25},{"Country":"United States","Category":"Interest Rate","DateTime":"2017-12-13T00:00:00","Value":1.5,"Frequency":"Daily","LastUpdate":"2017-12-13T19:00:00","HistoricalDataSymbol":"FDTR","DataType":0,"IsFillForward":false,"Time":"0001-01-01T00:00:00","Symbol":{"Value":"","ID":" ","Permtick":""},"Price":1.5},{"Country":"United States","Category":"Interest Rate","DateTime":"2018-01-31T00:00:00","Value":1.5,"Frequency":"Daily","LastUpdate":"2018-01-31T19:00:00","HistoricalDataSymbol":"FDTR","DataType":0,"IsFillForward":false,"Time":"0001-01-01T00:00:00","Symbol":{"Value":"","ID":" ","Permtick":""},"Price":1.5},{"Country":"United States","Category":"Interest Rate","DateTime":"2018-02-28T00:00:00","Value":1.5,"Frequency":"Daily","LastUpdate":"2018-03-05T12:51:00","HistoricalDataSymbol":"FDTR","DataType":0,"IsFillForward":false,"Time":"0001-01-01T00:00:00","Symbol":{"Value":"","ID":" ","Permtick":""},"Price":1.5},{"Country":"United States","Category":"Interest Rate","DateTime":"2018-03-21T00:00:00","Value":1.75,"Frequency":"Daily","LastUpdate":"2018-03-21T18:00:00","HistoricalDataSymbol":"FDTR","DataType":0,"IsFillForward":false,"Time":"0001-01-01T00:00:00","Symbol":{"Value":"","ID":" ","Permtick":""},"Price":1.75},{"Country":"United States","Category":"Interest Rate","DateTime":"2018-04-30T00:00:00","Value":1.75,"Frequency":"Daily","LastUpdate":"2018-05-02T18:00:00","HistoricalDataSymbol":"FDTR","DataType":0,"IsFillForward":false,"Time":"0001-01-01T00:00:00","Symbol":{"Value":"","ID":" ","Permtick":""},"Price":1.75},{"Country":"United States","Category":"Interest Rate","DateTime":"2018-05-02T00:00:00","Value":1.75,"Frequency":"Daily","LastUpdate":"2018-05-02T18:00:00","HistoricalDataSymbol":"FDTR","DataType":0,"IsFillForward":false,"Time":"0001-01-01T00:00:00","Symbol":{"Value":"","ID":" ","Permtick":""},"Price":1.75},{"Country":"United States","Category":"Interest Rate","DateTime":"2018-06-13T00:00:00","Value":2.0,"Frequency":"Daily","LastUpdate":"2018-06-13T18:00:00","HistoricalDataSymbol":"FDTR","DataType":0,"IsFillForward":false,"Time":"0001-01-01T00:00:00","Symbol":{"Value":"","ID":" ","Permtick":""},"Price":2.0},{"Country":"United States","Category":"Interest Rate","DateTime":"2018-07-31T00:00:00","Value":2.0,"Frequency":"Daily","LastUpdate":"2018-08-01T10:45:00","HistoricalDataSymbol":"FDTR","DataType":0,"IsFillForward":false,"Time":"0001-01-01T00:00:00","Symbol":{"Value":"","ID":" ","Permtick":""},"Price":2.0},{"Country":"United States","Category":"Interest Rate","DateTime":"2018-08-01T00:00:00","Value":2.0,"Frequency":"Daily","LastUpdate":"2018-08-01T18:00:00","HistoricalDataSymbol":"FDTR","DataType":0,"IsFillForward":false,"Time":"0001-01-01T00:00:00","Symbol":{"Value":"","ID":" ","Permtick":""},"Price":2.0},{"Country":"United States","Category":"Interest Rate","DateTime":"2018-09-26T00:00:00","Value":2.25,"Frequency":"Daily","LastUpdate":"2018-09-26T18:01:00","HistoricalDataSymbol":"FDTR","DataType":0,"IsFillForward":false,"Time":"0001-01-01T00:00:00","Symbol":{"Value":"","ID":" ","Permtick":""},"Price":2.25},{"Country":"United States","Category":"Interest Rate","DateTime":"2018-10-31T00:00:00","Value":2.25,"Frequency":"Daily","LastUpdate":"2018-11-01T15:27:00","HistoricalDataSymbol":"FDTR","DataType":0,"IsFillForward":false,"Time":"0001-01-01T00:00:00","Symbol":{"Value":"","ID":" ","Permtick":""},"Price":2.25},{"Country":"United States","Category":"Interest Rate","DateTime":"2018-11-08T00:00:00","Value":2.25,"Frequency":"Daily","LastUpdate":"2018-11-08T19:01:00","HistoricalDataSymbol":"FDTR","DataType":0,"IsFillForward":false,"Time":"0001-01-01T00:00:00","Symbol":{"Value":"","ID":" ","Permtick":""},"Price":2.25},{"Country":"United States","Category":"Interest Rate","DateTime":"2018-12-19T00:00:00","Value":2.5,"Frequency":"Daily","LastUpdate":"2018-12-19T19:00:00","HistoricalDataSymbol":"FDTR","DataType":0,"IsFillForward":false,"Time":"0001-01-01T00:00:00","Symbol":{"Value":"","ID":" ","Permtick":""},"Price":2.5},{"Country":"United States","Category":"Interest Rate","DateTime":"2019-01-30T00:00:00","Value":2.5,"Frequency":"Daily","LastUpdate":"2019-01-30T19:00:00","HistoricalDataSymbol":"FDTR","DataType":0,"IsFillForward":false,"Time":"0001-01-01T00:00:00","Symbol":{"Value":"","ID":" ","Permtick":""},"Price":2.5},{"Country":"United States","Category":"Interest Rate","DateTime":"2019-02-28T00:00:00","Value":2.5,"Frequency":"Daily","LastUpdate":"2019-03-11T18:07:00","HistoricalDataSymbol":"FDTR","DataType":0,"IsFillForward":false,"Time":"0001-01-01T00:00:00","Symbol":{"Value":"","ID":" ","Permtick":""},"Price":2.5},{"Country":"United States","Category":"Interest Rate","DateTime":"2019-03-20T00:00:00","Value":2.5,"Frequency":"Daily","LastUpdate":"2019-03-20T18:01:00","HistoricalDataSymbol":"FDTR","DataType":0,"IsFillForward":false,"Time":"0001-01-01T00:00:00","Symbol":{"Value":"","ID":" ","Permtick":""},"Price":2.5},{"Country":"United States","Category":"Interest Rate","DateTime":"2019-04-30T00:00:00","Value":2.5,"Frequency":"Daily","LastUpdate":"2019-05-18T10:28:00","HistoricalDataSymbol":"FDTR","DataType":0,"IsFillForward":false,"Time":"0001-01-01T00:00:00","Symbol":{"Value":"","ID":" ","Permtick":""},"Price":2.5},{"Country":"United States","Category":"Interest Rate","DateTime":"2019-05-01T00:00:00","Value":2.5,"Frequency":"Daily","LastUpdate":"2019-05-01T18:00:00","HistoricalDataSymbol":"FDTR","DataType":0,"IsFillForward":false,"Time":"0001-01-01T00:00:00","Symbol":{"Value":"","ID":" ","Permtick":""},"Price":2.5}]