[{"ACCESSION-NUMBER":"0000883780-01-000012","TYPE":"8-K","PUBLIC-DOCUMENT-COUNT":"1","PERIOD":"20010118 00:00:00","ITEMS":["5"],"FILING-DATE":"20010126 00:00:00","DATE-OF-FILING-CHANGE":"00010101 00:00:00","MADE-AVAILABLE-AT":"2001-01-26T00:00:00","FILER":[{"COMPANY-DATA":{"CONFORMED-NAME":"AOL TIME WARNER INC","CIK":"0001105705","ASSIGNED-SIC":"7370"},"FILING-VALUES":[{"FORM-TYPE":"8-K","ACT":"34","FILE-NUMBER":"001-15062","FILM-NUMBER":"1515570"}],"BUSINESS-ADDRESS":[{"STREET1":"75 ROCKEFELLER PLAZA","CITY":"NEW YORK","STATE":"NY","ZIP":"10019","PHONE":"2124848000"}],"MAIL-ADDRESS":[{"STREET1":"75 ROCKEFELLER PLAZA","CITY":"NEW YORK","STATE":"NY","ZIP":"10019"}]}],"DOCUMENT":[{"TYPE":"8-K","SEQUENCE":1,"FILENAME":"0001.txt","DESCRIPTION":"FORM 8-K","TEXT":"\r\n\r\n\r\n                       SECURITIES AND EXCHANGE COMMISSION\r\n\r\n                             WASHINGTON, D.C. 20549\r\n\r\n                                    Form 8-K\r\n\r\n                                 CURRENT REPORT\r\n\r\n                     Pursuant to Section 13 or 15(d) of the\r\n\r\n                         Securities Exchange Act of 1934\r\n\r\n         Date of Report (Date of Earliest Event Reported): January 18, 2001\r\n\r\n\r\n                              AOL TIME WARNER INC.\r\n               (Exact Name of Registrant as Specified in Charter)\r\n\r\n\r\n       Delaware                          1-15062                  13-4099534\r\n(State or Other Jurisdiction     (Commission File Number)      (I.R.S. Employer\r\n    of Incorporation)                                        Identification No.)\r\n\r\n                75 Rockefeller Plaza, New York, New York  10019\r\n               (Address of Principal Executive Offices) (Zip Code)\r\n\r\n       Registrant's telephone number, including area code: (212) 484-8000\r\n\r\n\r\n<PAGE>\r\n\r\n\r\nItem 5.  Other Events.\r\n\r\n         As a result  of the  share  repurchase  program  announced  by AOL Time\r\nWarner  Inc.  (the  \"Company\") on  January 18,  2001, three  mergers  previously\r\naccounted for by America Online, Inc. as a pooling of interests in the September\r\n30,  2000  quarter  are now being  accounted  for under the  purchase  method of\r\naccounting.  The result of this  change for the  quarter  ended  September  2000\r\nreduces net income by  approximately  $1 million,  has no effect on earnings per\r\nshare and results in approximately $277 million of additional goodwill and other\r\nintangible assets that will be amortized over five years.\r\n\r\n         Following are the financial  statements of America Online, Inc. for the\r\nperiod ended  September  30, 2000,  which have been updated only to reflect this\r\nchange.\r\n\r\n<TABLE>\r\n\r\n                              AMERICA ONLINE, INC.\r\n                      CONDENSED CONSOLIDATED BALANCE SHEETS\r\n                    (Amounts in millions, except share data)\r\n\r\n                                                                                      September 30, June 30,\r\n                                                                                          2000        2000\r\n                                                                                      -------------  -------\r\n                                                                                       (Unaudited)\r\n                                     ASSETS\r\n\r\nCurrent assets:\r\n\r\n<S>                                                                                       <C>         <C>\r\nCash and cash equivalents...........................................................      $ 2,039     $2,490\r\nShort-term investments..............................................................        1,192        925\r\nTrade accounts receivable, less allowances of $91 and $83, respectively.............          451        422\r\nOther receivables, net..............................................................          137        110\r\nPrepaid expenses and other current assets...........................................          527        481\r\n                                                                                      ------------  --------\r\nTotal current assets................................................................        4,346      4,428\r\n\r\nProperty and equipment at cost, net.................................................        1,026        991\r\n\r\nOther assets:\r\nInvestments including available-for-sale securities.................................        4,627      4,358\r\nProduct development costs, net......................................................          202        159\r\nGoodwill and other intangible assets, net...........................................          786        501\r\nOther assets........................................................................          239        236\r\n                                                                                      ------------  --------\r\n                                                                                          $11,226    $10,673\r\n                                                                                      ============ =========\r\n\r\n                      LIABILITIES AND STOCKHOLDERS' EQUITY\r\n\r\nCurrent liabilities:\r\nTrade accounts payable..............................................................       $  256     $  153\r\nOther accrued expenses and liabilities..............................................          773        919\r\nDeferred revenue....................................................................        1,083      1,109\r\nAccrued personnel costs.............................................................          119        138\r\nDeferred network services credit....................................................           76         76\r\n                                                                                      ------------  --------\r\nTotal current liabilities...........................................................        2,307      2,395\r\n\r\nLong-term liabilities:\r\nNotes payable.......................................................................        1,646      1,630\r\nDeferred revenue....................................................................          326        358\r\nOther liabilities...................................................................            7          8\r\nDeferred network services credit....................................................          102        121\r\n                                                                                      ------------  --------\r\nTotal liabilities...................................................................        4,388      4,512\r\n\r\nStockholders' equity:\r\nPreferred stock, $.01 par value; 5,000,000 shares authorized, no shares issued\r\n  or outstanding at September 30 and June 30, 2000..................................            -          -\r\nCommon stock, $.01 par value; 6,000,000,000 shares authorized,\r\n  2,332,608,519 and 2,316,494,480 shares issued and outstanding at\r\n  September 30 and June 30, 2000, respectively.....................................            23         23\r\nAdditional paid-in capital..........................................................        4,799      4,314\r\nAccumulated other comprehensive income - unrealized gain on\r\n  available-for-sale securities, net................................................          325        478\r\nRetained earnings...................................................................        1,691      1,346\r\n                                                                                      ------------  --------\r\nTotal stockholders' equity..........................................................        6,838      6,161\r\n                                                                                      ------------  --------\r\n                                                                                          $11,226    $10,673\r\n                                                                                      ============ =========\r\n\r\n\r\n                             See accompanying notes.\r\n</TABLE>\r\n\r\n\r\n<PAGE>\r\n\r\n<TABLE>\r\n\r\n                              AMERICA ONLINE, INC.\r\n                 CONDENSED CONSOLIDATED STATEMENTS OF OPERATIONS\r\n                  (Amounts in millions, except per share data)\r\n                                   (Unaudited)\r\n\r\n                                                                             Three months ended\r\n                                                                                 September 30,\r\n                                                                               2000      1999\r\n                                                                             --------  --------\r\nRevenues:\r\n\r\n<S>                                                                           <C>       <C>\r\nSubscription services.....................................................    $1,206    $  995\r\nAdvertising, commerce and other...........................................       649       360\r\nEnterprise solutions......................................................       120       122\r\n                                                                             --------  --------\r\nTotal revenues............................................................     1,975     1,477\r\n\r\nCosts and expenses:\r\nCost of revenues..........................................................       929       792\r\nSales and marketing.......................................................       298       213\r\nProduct development.......................................................        59        71\r\nGeneral and administrative................................................       181       123\r\nAmortization of goodwill and other intangible assets......................        26        18\r\n                                                                            --------  --------\r\nTotal costs and expenses..................................................     1,493     1,217\r\n\r\nIncome from operations... ................................................       482       260\r\nOther income, net.........................................................        89        39\r\n                                                                             --------  --------\r\nIncome before provision for income taxes..................................       571       299\r\nProvision for income taxes................................................      (227)     (118)\r\n                                                                             --------  --------\r\nNet income................................................................    $  344     $ 181\r\n                                                                             ========  ========\r\n\r\nEarnings per share:\r\nEarnings per share-diluted................................................    $ 0.13    $ 0.07\r\nEarnings per share-basic..................................................    $ 0.15    $ 0.08\r\nWeighted average shares outstanding-diluted...............................     2,600     2,587\r\nWeighted average shares outstanding-basic.................................     2,325     2,231\r\n\r\n\r\n\r\n                             See accompanying notes.\r\n</TABLE>\r\n\r\n\r\n<PAGE>\r\n\r\n<TABLE>\r\n\r\n                              AMERICA ONLINE, INC.\r\n                 CONDENSED CONSOLIDATED STATEMENTS OF CASH FLOWS\r\n                              (Amounts in millions)\r\n\r\n                                   (Unaudited)\r\n\r\n                                                                                       Three months ended\r\n                                                                                          September 30,\r\n                                                                                         2000     1999\r\n                                                                                        -------  -------\r\nCash flows from operating activities:\r\n\r\n<S>                                                                                     <C>      <C>\r\nNet income ............................................................................ $  344   $  181\r\nAdjustments to reconcile net income to net cash provided by operating activities:\r\nNon-cash restructuring charges.........................................................      -        2\r\nAmortization of deferred network services credit.......................................    (19)     (19)\r\nDepreciation and amortization..........................................................    110       79\r\nCompensatory stock options.............................................................      3        3\r\nGain on available-for-sale securities..................................................    (34)       -\r\nEquity in loss of investees............................................................     27        -\r\nDeferred income taxes..................................................................    227      117\r\nChanges in assets and liabilities, net of the effects of acquisitions and dispositions:\r\n  Trade accounts receivable............................................................    (28)     (28)\r\n  Other receivables....................................................................    (27)     (43)\r\n  Prepaid expenses and other current assets............................................    (49)     (28)\r\n  Other assets.........................................................................     (3)     (52)\r\n  Investments including available-for-sale securities..................................    (36)     (99)\r\n  Accrued expenses and other current liabilities.......................................    (60)     206\r\n  Deferred revenue and other liabilities...............................................    (57)     147\r\n                                                                                        -------  -------\r\nTotal adjustments......................................................................     54      285\r\n                                                                                        -------  -------\r\nNet cash provided by operating activities..............................................    398      466\r\n\r\nCash flows from investing activities:\r\n\r\nPurchase of property and equipment.....................................................    (94)    (136)\r\nProduct development costs..............................................................    (52)     (18)\r\nProceeds from sale of investments, including available-for-sale securities.............    230        -\r\nPurchase of investments, including available-for-sale securities.......................   (697)     (94)\r\n(Purchase)/Proceeds of short-term investments, net.....................................   (267)      97\r\nOther investing activities.............................................................    (51)      14\r\n                                                                                        -------  -------\r\nNet cash used in investing activities..................................................   (931)    (137)\r\n\r\nCash flows from financing activities:\r\n\r\nProceeds from issuance of common stock, net............................................     84       97\r\nPrincipal and accrued interest payments on debt........................................     (2)      (3)\r\n                                                                                        -------  -------\r\nNet cash provided by financing activities..............................................     82       94\r\n                                                                                        -------  -------\r\nNet (decrease) increase in cash and cash equivalents...................................   (451)     423\r\nCash and cash equivalents at beginning of period.......................................  2,490      936\r\n                                                                                        -------  -------\r\nCash and cash equivalents at end of period............................................. $2,039   $1,359\r\n                                                                                        =======  =======\r\nSupplemental cash flow information:\r\n\r\nCash paid during the period for: Interest (net of amount capitalized).................. $    2   $    4\r\n                                                                                        =======   ======\r\n\r\n\r\n                             See accompanying notes.\r\n</TABLE>\r\n\r\n\r\n<PAGE>\r\n\r\n<TABLE>\r\n\r\n                              AMERICA ONLINE, INC.\r\n       CONDENSED CONSOLIDATED STATEMENT OF CHANGES IN STOCKHOLDERS' EQUITY\r\n                    (Amounts in millions, except share data)\r\n                                   (Unaudited)\r\n\r\n                                                                                Accumulated\r\n                                                  Common Stock     Additional     Other\r\n                                           -----------------------  Paid-In    Comprehensive     Retained\r\n                                              Shares        Amount  Capital     Income, Net      Earnings\r\n                                           --------------  ------- ---------  ---------------  ------------\r\n\r\n\r\n<S>                                         <C>              <C>     <C>          <C>            <C>\r\nBalances at June 30, 2000.................  2,316,494,480    $ 23    $ 4,314      $  478         $1,346\r\nCommon stock issued:\r\n  Exercise of options.....................     11,543,499       -         83           -             -\r\n  Business acquisitions...................      4,278,873       -        271           -             -\r\nAmortization of compensatory\r\n\r\n   stock options..........................              -       -          3           -             -\r\nUnrealized loss on\r\n\r\n   available-for-sale securities, net.....              -       -        (90)       (153)            -\r\nTax benefit related to stock options......              -       -        218           -             -\r\nEffect of immaterial pooling..............        291,667       -          -           -              1\r\nNet income................................              -       -          -           -            344\r\n                                           --------------  ------- ---------  ---------------  ------------\r\nBalances at September 30, 2000............  2,332,608,519    $ 23    $ 4,799      $  325         $1,691\r\n                                           ==============  ======= =========  ===============  ============\r\n\r\n\r\n\r\n                                                         Comprehensive\r\n                                                         Income For The\r\n\r\n                                                       Three Months Ended\r\n                                             Total     September 30, 2000\r\n                                            --------- ---------------------\r\n\r\n\r\n<S>                                          <C>              <C>\r\nBalances at June 30, 2000.................   $6,161\r\nCommon stock issued:\r\n  Exercise of options....................        83\r\n  Business acquisitions.................        271\r\nAmortization of compensatory\r\n\r\n   stock options..........................        3\r\nUnrealized loss on\r\n\r\n   available-for-sale securities, net.....     (243)          (153)\r\nTax benefit related to stock options......      218\r\nEffect of immaterial poolings............         1\r\nNet income................................      344            344\r\n                                            --------- -----------------\r\nBalances at September 30, 2000............   $6,838           $191\r\n                                            ========  =================\r\n\r\n\r\n\r\n                             See accompanying notes.\r\n</TABLE>\r\n\r\n\r\n<PAGE>\r\n\r\n\r\n                              AMERICA ONLINE, INC.\r\n\r\n              NOTES TO CONDENSED CONSOLIDATED FINANCIAL STATEMENTS\r\n\r\nNote 1.  Basis of Presentation\r\n\r\n         The accompanying unaudited condensed consolidated financial statements,\r\nwhich  include the accounts of America  Online,  Inc.  (the  \"Company\")  and its\r\nwholly owned  subsidiaries,  have been  prepared in  accordance  with  generally\r\naccepted  accounting  principles for interim financial  information and with the\r\ninstructions to Form 10-Q and Article 10 of Regulation S-X. Accordingly, they do\r\nnot include all of the information and footnotes  required by generally accepted\r\naccounting  principles  for  complete  financial  statements.  In the opinion of\r\nmanagement,  all  adjustments,  consisting  only of  normal  recurring  accruals\r\nconsidered  necessary  for a  fair  presentation,  have  been  included  in  the\r\naccompanying  unaudited  condensed   consolidated   financial  statements.   All\r\nsignificant  intercompany  transactions  and balances  have been  eliminated  in\r\nconsolidation.  Operating  results for the three months ended September 30, 2000\r\nare not necessarily  indicative of the results that may be expected for the full\r\nyear ending June 30, 2001. For further  information,  refer to the  consolidated\r\nfinancial statements and notes thereto,  included in the Company's Annual Report\r\non Form 10-K for the fiscal year ended June 30, 2000.\r\n\r\nNote 2.  Recent Pronouncements\r\n\r\n         In March 2000, the FASB issued FASB  Interpretation No. 44, \"Accounting\r\nfor  Certain  Transactions  involving  Stock  Compensation\"  (\"FIN  44\"),  which\r\ncontains  rules  designed  to clarify the  application  of APB 25. As of July 1,\r\n2000,  the Company has  adopted FIN 44 with no material  effect on earnings  and\r\nfinancial position.\r\n\r\n         The FASB recently issued Statement No. 137,  \"Accounting for Derivative\r\nInstruments and Hedging  Activities-Deferral of Effective Date of FASB Statement\r\nNo.  133\".  The  Statement  deferred  for one  year the  effective  date of FASB\r\nStatement  No.  133,   \"Accounting   for  Derivative   Instruments  and  Hedging\r\nActivities\".  The rule now applies to all fiscal  quarters  of all fiscal  years\r\nbeginning  after June 15, 2000.  The Company  adopted the standard as of July 1,\r\n2000.  The Statement  requires the Company to recognize all  derivatives  on the\r\nbalance sheet at fair value.  Derivatives that are not designated as hedges must\r\nbe adjusted to fair value through  income.  If the derivative is designated as a\r\nhedge,  depending  on the nature of the hedge,  changes in the fair value of the\r\nderivatives will either be offset against the change in fair value of the hedged\r\nassets, liabilities, or firm commitments through earnings or recognized in other\r\ncomprehensive  income  until the hedged  item is  recognized  in  earnings.  The\r\nineffective  portion  of the  change  in  fair  value  of a  derivative  that is\r\ndesignated as a hedge will be immediately recognized in earnings. Certain of the\r\nCompany's holdings of equity  instruments have been deemed derivatives  pursuant\r\nto the criteria  established in SFAS 133. The Company has designated  certain of\r\nthose derivatives as hedges.  The adoption of SFAS 133 by the Company as of July\r\n1, 2000 had no material effect on earnings and financial position.\r\n\r\n         In December 1999, the Securities and Exchange Commission (\"SEC\") issued\r\nStaff Accounting Bulletin No. 101, \"Revenue Recognition in Financial Statements\"\r\n(\"SAB 101\"),  which clarifies  certain  existing  accounting  principles for the\r\ntiming  of  revenue   recognition  and  its   classification  in  the  financial\r\nstatements.  The SEC  delayed  the  required  implementation  date of SAB 101 by\r\nissuing Staff Accounting Bulletins No. 101A, \"Amendment:  Revenue Recognition in\r\nFinancial  Statements\"  and 101B,  \"Second  Amendment:  Revenue  Recognition  in\r\nFinancial Statements\" in March and June 2000,  respectively.  In anticipation of\r\nthe merger  between the Company and Time Warner Inc.  being  completed  prior to\r\nDecember 31, 2000, the Company will adopt SAB 101 in the quarter ending December\r\n31, 2000.  The Company  believes the adoption of SAB 101 will not be material to\r\nthe earnings  and  financial  position of the Company and it will mainly  impact\r\nEnterprise revenues and cost of revenues.\r\n\r\nNote 3.  Earnings Per Share\r\n\r\n         The  following  table sets forth the  computation  of basic and diluted\r\nearnings per share for the three months ended September 30, 2000 and 1999:\r\n\r\n<TABLE>\r\n\r\n                                                                                    Three months ended\r\n                                                                                       September 30,\r\n\r\n     (in millions, except per share data)                                               2000     1999\r\n                                                                                     -------- --------\r\n     Basic earnings per share:\r\n\r\n<S>                                                                                  <C>      <C>\r\n     Net income available to common shareholders...................................  $   344  $   181\r\n                                                                                     -------- --------\r\n     Weighted average shares outstanding...........................................    2,325    2,231\r\n     Basic earnings per share......................................................  $  0.15  $  0.08\r\n                                                                                     ======== ========\r\n\r\n     Diluted earnings per share:\r\n\r\n     Net income available to common shareholders...................................  $   344  $   181\r\n     Interest on convertible debt, net of tax......................................        2        2\r\n                                                                                     -------- --------\r\n     Adjusted net income available to common shareholders\r\n        assuming conversion........................................................  $   346  $   183\r\n                                                                                     -------- --------\r\n     Weighted average shares outstanding...........................................    2,325    2,231\r\n     Effect of dilutive securities:\r\n        Employee stock options.....................................................      237      316\r\n        Convertible debt...........................................................       38       40\r\n                                                                                     -------- --------\r\n     Adjusted weighted average shares and assumed conversions......................    2,600    2,587\r\n                                                                                     ======== ========\r\n     Diluted earnings per share....................................................  $  0.13  $  0.07\r\n                                                                                     ======== ========\r\n</TABLE>\r\n\r\n         Excluded  from the diluted share base  calculation  above for the three\r\nmonths ended September 30, 2000 are incremental weighted shares of approximately\r\n13.6 million and  approximately  35 million related to convertible  subordinated\r\nnotes and stock  options,  respectively.  Excluded  from the diluted  share base\r\ncalculation  above for the three months ended September 30, 1999 are incremental\r\nweighted  shares of  approximately  23.1 million  related to stock options.  The\r\nshares related to the convertible  subordinated  notes are excluded due to their\r\nantidilutive  effect as a result of  adjusting  net  income  by $6  million  for\r\ninterest  expense  (net of tax)  that  would  be  forfeited  if the  notes  were\r\nconverted to equity. The shares related to the stock options are excluded due to\r\ntheir  antidilutive  effect as a result of the  option's  exercise  prices being\r\ngreater  than the average  market  price of the common  shares  during the three\r\nmonths ended September 30, 2000 and September 30, 1999.\r\n\r\nNote 4.    Comprehensive Income\r\n\r\n         For the three months ended  September 30, 2000 and 1999,  comprehensive\r\nincome was $191 million and $437 million,  respectively.  The difference between\r\nnet income and  comprehensive  income for each  period  presented  is due to net\r\nunrealized gains or losses on available-for-sale securities.\r\n\r\nNote 5.  Business Developments\r\n\r\n         During the quarter ended September 30, 2000, the Company  completed its\r\nmergers with Quack.com,  Inc., iAmaze, Inc., LocalEyes Corporation.  As a result\r\nof the Company's announced stock repurchase  program,  these have been accounted\r\nfor under the purchase method of accounting. The proforma effect of these merged\r\ncompanies is  immaterial  to those of the Company.  The Company also merged with\r\nProphead Development, Inc. (\"Prophead\").  The merger with Prophead was accounted\r\nfor as pooling-of-interests. As the historical results of operations of Prophead\r\nwas not material in relation to those of the Company, the financial  information\r\nprior to the quarter  ended June 30, 2000 has not been  restated to reflect this\r\nmerger.  The Company exchanged  approximately 4.6 million shares of common stock\r\nfor  all  the  outstanding  common  and/or  preferred  shares  of  these  merged\r\ncompanies. The Company incurred $6 million of acquisition costs related to these\r\nmergers.  Substantially  all of these costs were capitalized  under the purchase\r\nmethod of accounting.  These costs  consisted  mainly of investment  banking and\r\nlegal services. As of September 30, 2000, approximately $5 million of the merger\r\nrelated costs had been paid. The Company expects the remaining costs  associated\r\nwith the mergers to be paid by December 31, 2000.\r\n\r\nNote 6.  Segment Information\r\n\r\n         America  Online has four major lines of businesses:\r\n         o   the Interactive Services Group,\r\n         o   the Interactive Properties Group,\r\n         o   the AOL International Group, and\r\n         o   the Netscape Enterprise Group.\r\n\r\n         The Interactive  Services Group and the Netscape  Enterprise  Group are\r\nthe only two  reportable  segments.  The results of the  Interactive  Properties\r\nGroup and the AOL International Group have been combined in the \"Other Segments\"\r\nline shown below.  Prior period  information has been restated to conform to the\r\ncurrent  presentation.  There  are no  intersegment  revenues  between  the four\r\noperating  segments.  Shared support service  functions such as human resources,\r\nfacilities  management  and other  infrastructure  support  groups are allocated\r\nbased on usage or headcount,  where practical,  to the four operating  segments.\r\nCharges  that cannot be  allocated  are  reported as general and  administrative\r\ncosts and are not allocated to the segments.  Special  charges  determined to be\r\nsignificant are reported separately in the Condensed Consolidated  Statements of\r\nOperations  and are  not  assigned  or  allocated  to the  segments.  All  other\r\naccounting policies are applied consistently to the segments, where applicable.\r\n\r\n     A summary of the segment financial information is as follows:\r\n\r\n                                                        Three months ended\r\n                                                          September 30,\r\n                                                        2000         1999\r\n                                                   ------------  -----------\r\n                                                      (Amounts in millions)\r\n\r\n     Revenues:\r\n\r\n     Interactive Services Group (1)..............       $1,726      $1,290\r\n     Netscape Enterprise Group (2)...............          120         122\r\n     Other Segments (3)..........................          129          65\r\n                                                   ------------  -----------\r\n         Total revenues..........................       $1,975      $1,477\r\n\r\n     Income (loss) from operations:\r\n\r\n     Interactive Services Group (1)..............       $  494       $  325\r\n     Netscape Enterprise Group(2)................           50           18\r\n     Other Segments (3)..........................           54           15\r\n     General and Administrative (4)..............         (116)         (98)\r\n                                                   ------------  -----------\r\n         Total income from operations............       $  482       $  260\r\n\r\n\r\n\r\n(1)  For the three months ended  September  30, 2000 and 1999,  the  Interactive\r\n     Services Group includes online service  revenues of $1,206 million and $995\r\n     million,  respectively;  advertising,  commerce and other  revenues of $520\r\n     million and $295 million,  respectively;  and goodwill and other intangible\r\n     assets amortization of $13 million and $11 million, respectively.\r\n\r\n(2)  For the three  months  ended  September  30,  2000 and 1999,  the  Netscape\r\n     Enterprise Group is comprised solely of enterprise revenues.\r\n\r\n(3)  For the three months ended September 30, 2000 and 1999,  Other Segments are\r\n     comprised  solely of  advertising,  commerce and other revenues and include\r\n     goodwill and other  intangible  assets  amortization  of $13 million and $7\r\n     million, respectively.\r\n\r\n(4)  Bad debt has been allocated to the applicable segment.\r\n\r\n     The Company does not have any material  revenues  and/or assets outside the\r\nUnited  States  and no  single  customer  accounts  for  more  than 10% of total\r\nrevenues.\r\n\r\nNote 7.  Subsequent Events\r\n\r\n         Time Warner Merger\r\n\r\n         On January 10, 2000,  the Company and Time Warner Inc.  announced  that\r\nthey had entered into an Agreement  and Plan of Merger,  dated as of January 10,\r\n2000 (the \"Merger Agreement\"),  which sets forth the terms and conditions of the\r\nproposed  merger of equals of America  Online and Time  Warner.  Pursuant to the\r\nMerger Agreement, America Online and Time Warner have formed AOL Time Warner and\r\neach holds one share of AOL Time Warner. AOL Acquisition Sub, a newly formed and\r\nwholly owned subsidiary of AOL Time Warner, will be merged with and into America\r\nOnline,  with  stockholders  of America  Online  receiving one share of AOL Time\r\nWarner  common  stock for each  share of America  Online  Common  Stock,  and TW\r\nAcquisition  Sub, a newly formed and wholly owned subsidiary of AOL Time Warner,\r\nwill be merged  with and into Time  Warner,  with  common  stockholders  of Time\r\nWarner  receiving  1.5 shares of AOL Time Warner  common stock for each share of\r\nTime Warner  common  stock.  As a result of the merger,  the separate  corporate\r\nexistence of each of AOL  Acquisition  Sub and TW Acquisition Sub will cease and\r\neach of America Online and Time Warner will survive the merger as a wholly owned\r\nsubsidiary of AOL Time Warner.  The merger was approved by the  stockholders  of\r\neach of America  Online  and Time  Warner on June 23,  2000.  In  addition,  the\r\nEuropean Union Commission approved the merger on October 11, 2000. The merger is\r\nexpected  to  close  in the fall of 2000 and is  subject  to  customary  closing\r\nconditions,  including required U.S. government regulatory approvals,  which the\r\ncompanies  are in the process of seeking.  There can be no  assurance  that such\r\napprovals can be obtained.\r\n\r\n         Redemption of Notes\r\n\r\n         The Company has issued a notice of its  election to exercise its option\r\nto redeem in whole, the 4% Convertible  Subordinated Notes due November 15, 2002\r\n(the \"Notes\") on November 15, 2000. Under the redemption prices set forth in the\r\nNotes, the Company will be obligated to redeem the outstanding  Notes at a price\r\nof 101.6%  (expressed as a percentage of principal amount) together with accrued\r\ninterest  at the date of  redemption.  Noteholders  may  convert  their Notes to\r\nshares of the Company's  common stock on or prior to the  redemption  date.  The\r\nprincipal amount, net of unamortized discount,  was $244 million as of September\r\n30, 2000.\r\n\r\nNote 8. Legal Proceedings\r\n\r\n         The Company is a party to various  litigation  matters,  investigations\r\nand proceedings,  including  several  complaints that have been filed and remain\r\npending in the Delaware  Court of Chancery  naming as defendants  one or more of\r\nAmerica  Online,  the  directors  of America  Online,  Time Warner Inc.  and the\r\ndirectors  of Time  Warner.  The  complaints  purport  to be filed on  behalf of\r\nholders  of America  Online or Time  Warner  stock,  as  applicable,  and allege\r\nbreaches of fiduciary duty by the applicable company and its directors or aiding\r\nand abetting  breaches of fiduciary  duty by the other company and its directors\r\nin connection  with the proposed  merger of America Online and Time Warner.  The\r\nplaintiffs in each case seek to enjoin  completion of the merger and/or damages.\r\nThese cases are at a preliminary  stage,  but the Company does not believe these\r\nlawsuits  have any merit and  intends to defend  against  them  vigorously.  The\r\nCompany is unable, however, to predict the outcome of these cases, or reasonably\r\nestimate a range of possible loss given the current status of the litigation.\r\n\r\n         Since  March  2000,  America  Online has been named as a  defendant  in\r\nseveral class action  lawsuits that have been filed in state and federal courts.\r\nThe complaints in these lawsuits  contend that consumers and competing  Internet\r\nservice providers have been injured because of the default selection features in\r\nAOL  5.0.   Plaintiffs  are  seeking  damages,   an  injunction   enjoining  the\r\ndistribution  of AOL Version 5.0 software,  and  disgorgement of all monies that\r\nthe Company has earned  through the  distribution  of its Version 5.0  software.\r\nThese cases are at a preliminary stage, but America Online does not believe they\r\nhave merit and  intends  to  contest  them  vigorously.  The  Company is unable,\r\nhowever,  to predict the outcome of these cases, or reasonably  estimate a range\r\nof possible loss given the current status of the litigation.\r\n\r\n         In the  spring  of  1999,  the  Department  of Labor  (\"DOL\")  began an\r\ninvestigation  of the  applicability of the Fair Labor Standards Act (\"FLSA\") to\r\nthe  Company's  Community  Leader  program.  The Company  believes the Community\r\nLeaders  are  volunteers,  not  employees,  that the  Community  Leader  program\r\nreflects  industry  practices,  and that its actions  comply  with the law.  The\r\nCompany is  cooperating  with the DOL's  inquiry,  but is unable to predict  the\r\noutcome of the DOL's  investigation  and cannot  reasonably  estimate a range of\r\npossible  loss  given the  current  status of the  DOL's  investigation.  Former\r\nvolunteers  have sued the Company on behalf of an alleged  class  consisting  of\r\ncurrent and former  volunteers,  alleging  violations of the FLSA and comparable\r\nstate  statutes.  The Company  believes  the claims have no merit and intends to\r\ndefend them vigorously.  The Company cannot predict the outcome of the claims or\r\nwhether other former or current volunteers will file additional actions, nor can\r\nthe  Company  reasonably  estimate a range of  possible  loss given the  current\r\nstatus of the litigation.\r\n\r\n         The  costs  and  other   effects  of  pending  or  future   litigation,\r\ngovernmental  investigations,  legal and  administrative  cases and  proceedings\r\n(whether civil or criminal), settlements,  judgments and investigations,  claims\r\nand changes in those matters  (including  those matters  described  above),  and\r\ndevelopments  or assertions by or against the Company  relating to  intellectual\r\nproperty  rights  and  intellectual  property  licenses,  could  have a material\r\nadverse  effect on the  Company's  business,  financial  condition and operating\r\nresults.\r\n\r\n<PAGE>\r\n\r\n                                   SIGNATURES\r\n\r\nPursuant  to the  requirements  of the  Securities  Exchange  Act of  1934,  the\r\nregistrant  has duly  caused  this  report  to be  signed  on its  behalf by the\r\nundersigned thereunto duly authorized.\r\n\r\n                                            AOL TIME WARNER INC.\r\n\r\n\r\n\r\nDATE: January 26, 2001           SIGNATURE: /s/J. Michael Kelly\r\n                                            ------------------------------\r\n                                            J. Michael Kelly\r\n                                            Executive Vice President\r\n                                            and Chief Financial Officer\r\n\r\n"}]}]